create,7044704
create,7454857
create,7746645
create,7698228
create,8867744
create,7827819
create,11867758
create,7062837
create,6865152
create,7296574
create,7338978
create,8416605
create,9592766
create,7982607
create,6999100
create,20567723
create,8185173
create,11936663
create,7416458
create,7139283
create,6899482
create,7117211
create,7959042
create,8369286
create,7065733
create,7093810
create,9765319
create,8743863
create,18236389
create,7239541
create,7585942
create,8651934
create,8294776
create,6873209
create,7742510
create,7451814
create,7196645
create,8424630
create,6979998
create,6533331
create,7319852
create,7632727
create,7989638
create,8641505
create,6576195
create,6809374
create,6946932
create,8135819
create,7889126
create,7225255
create,7279606
create,6996482
create,9035348
create,8539221
create,9529416
create,6398342
create,6536507
create,7322625
create,7266568
create,7323076
create,7555411
create,7730170
create,6714237
create,7460363
create,7858793
create,7409960
create,7542734
create,7405455
create,6499305
create,6685765
create,7153527
create,7513351
create,8033725
create,8658712
create,7904864
create,7186930
create,6814256
create,7099497
create,7213284
create,7223320
create,6890268
create,6789132
create,7282339
create,7930513
create,8525231
create,7637264
create,6078295
create,6632063
create,6675517
create,6907958
create,7478997
create,7326727
create,7205211
create,6746958
create,8370895
create,7857283
create,7729826
create,9248178
create,12139845
create,6793301
create,7665342
create,7087665
create,7093614
create,7491042
create,7293981
create,7065725
create,7039805
create,6795885
create,7124571
create,7132103
create,6261203
create,6899999
create,7134556
create,6999403
create,8924785
create,8222507
create,7699032
create,6592539
create,6847355
create,6691599
create,8167467
create,10224810
create,7377722
create,6377715
create,6998427
create,7577695
create,7804926
create,7349857
create,7381898
create,6540544
create,6793490
create,6792340
create,6830371
create,8934992
create,7849931
create,7210027
create,7089618
create,6928848
create,7099193
create,7578278
create,7380889
create,6311041
create,6641375
create,7414456
create,7264747
create,7904724
create,11050443
create,8931808
create,7095526
create,7375638
create,7489918
create,7093540
create,6911584
create,6249322
create,6938267
create,13894036
create,8276987
create,10580409
create,8632817
create,6477849
create,8042857
create,6836205
create,7193198
create,8277792
create,6926477
create,6355864
create,7230515
create,8019267
create,6868335
create,8766821
create,8157136
create,8331584
create,6861920
create,7878444
create,7128419
create,10020085
create,8970659
create,10326602
create,6509882
create,7168871
create,6864709
create,7097905
create,7070763
create,12891256
create,6329838
create,6723049
create,7848225
create,8400473
create,7322181
create,7324209
create,6786490
create,7492019
create,6957180
create,6729244
create,9327423
create,8023427
create,8252602
create,9079237
create,8701501
create,7321731
create,14028813
create,10574789
create,6832923
create,7730047
create,6836984
create,6831019
create,8095976
create,9657480
create,7609531
create,8197103
create,6426231
create,6644346
create,7226789
create,7266223
create,7189186
create,6910904
create,7347626
create,8972547
create,7389439
create,7658655
create,6480934
create,7668271
create,8439448
create,6657023
create,6822223
create,6688768
create,5850597
create,6546221
create,7294949
create,7042800
create,9269619
create,7174335
create,9303128
create,6308037
create,6806437
create,6891835
create,6995087
create,8136148
create,7422209
create,8488933
create,6766167
create,6835499
create,7075989
create,7393040
create,6920758
create,6146677
create,7037745
create,8734788
create,8285743
create,7195520
create,6444052
create,6600203
create,7117974
create,8002496
create,7779638
create,9280261
create,8418008
create,10845703
create,7682925
create,7750346
create,7360524
create,7830100
create,7805181
create,10494732
create,6781986
create,7586680
create,7745957
create,8255343
create,7360557
create,7043415
create,7427010
create,7768627
create,7294440
create,7566734
create,7492642
create,6913620
create,6701215
create,9637935
create,7759642
create,7730745
create,7020950
create,6042784
create,7507370
create,6910461
create,7244463
create,8641710
create,7144223
create,8427526
create,8408802
create,8884786
create,7285809
create,8354050
create,7600416
create,7510037
create,6629823
create,7018250
create,11032516
create,7369140
create,10365765
create,7497540
create,7234224
create,7040658
create,7477372
create,7304771
create,7264763
create,6249149
create,7200074
create,7679488
create,7676615
create,8367153
create,8991394
create,8330148
create,7500699
create,7619197
create,7293588
create,7556478
create,8334365
create,7857718
create,7114217
create,7363584
create,7283126
create,7721817
create,9291526
create,9492665
create,6282626
create,6556880
create,7154979
create,7407325
create,8523779
create,8446389
create,7009036
create,6509964
create,6707795
create,8201903
create,6930596
create,7838535
create,6555756
create,7089634
create,7485020
create,7933097
create,7169149
create,6961775
create,6977472
create,8313787
create,6650869
create,7004416
create,7088773
create,10153622
create,7717370
create,10168212
create,7519120
create,6976224
create,7613191
create,7138142
create,6464656
create,6833899
create,7479161
create,8208172
create,13934438
create,8538999
create,6085853
create,6399606
create,7078582
create,7645289
create,7080157
create,7165088
create,8086647
create,7677510
create,6998493
create,6810933
create,8407365
create,7561982
create,10006523
create,6683353
create,6560465
create,6810440
create,8387747
create,8728660
create,12549269
create,7190188
create,7038295
create,7074832
create,7379183
create,7413094
create,7276578
create,6354404
create,6887864
create,8540460
create,7176411
create,7355544
create,7375244
create,6606922
create,6725535
create,7335934
create,7975157
create,7492519
create,7567128
create,8776560
create,6935363
create,6772837
create,7880446
create,7359540
create,7980539
create,8407045
create,7062089
create,6889792
create,7200148
create,8292282
create,7389217
create,6741329
create,6382917
create,6781633
create,6836008
create,7042045
create,10625569
create,6482986
create,6407770
create,7269325
create,8388888
create,7146496
create,7419027
create,6778909
create,7669313
create,6849841
create,6885747
create,6815725
create,6958920
create,9057099
create,8557018
create,7207927
create,13208841
create,7249846
create,7071140
create,7265953
create,6441854
create,6472885
create,6972827
create,11179960
create,7969388
create,7359063
create,6104560
create,7924195
create,8466943
create,7708869
create,7369558
create,10702681
create,6532782
create,8879616
create,7289804
create,11192940
create,7694954
create,7755187
create,7445143
create,7064970
create,7085893
create,9440883
create,8487570
create,7441139
create,14833909
create,6660797
create,6963416
create,10826954
create,7375416
create,7640776
create,6327508
create,6617072
create,6887987
create,6954029
create,7889471
create,6872668
create,6238327
create,7098955
create,7308053
create,7164571
create,7536473
create,7935961
create,6669478
create,7905660
create,7022508
create,10156281
create,6988032
create,7125687
create,8251535
create,6964425
create,6777481
create,7538639
create,7319047
create,7929069
create,7395699
create,7405045
create,6513541
create,6706869
create,6770327
create,7162397
create,7210289
create,6047904
create,6875679
create,8050372
create,8069580
create,7737177
create,7176050
create,6657786
create,8220258
create,7253349
create,7058816
create,7156596
create,7468223
create,7042661
create,8231220
create,9198161
create,7742937
create,8153978
create,7370198
create,6542054
create,7489245
create,7346756
create,7188513
create,8748556
create,8266797
create,7017282
create,7060375
create,9950433
create,7692616
create,8138979
create,7552638
create,6423745
create,6667049
create,7684993
create,9569571
create,7594812
create,8939045
create,6268743
create,6991543
create,7598930
create,7026538
create,7037163
create,7350186
create,7665654
create,8145190
create,6979662
create,8428494
create,7407449
create,7394395
create,8641218
create,9010905
create,9065748
create,7199565
create,9331567
create,9128778
create,7817012
create,7414193
create,7891629
create,7233650
create,7476026
create,7293817
create,6547526
create,6412947
create,7632251
create,7674499
create,7477823
create,7606348
create,6251406
create,7080765
create,6564511
create,7244989
create,7505499
create,7656989
create,173080566
create,8075340
create,8200287
create,8058134
create,8363534
create,9960796
create,7932235
create,7453562
create,7470242
create,7707902
create,7878649
create,8523804
create,10176015
create,6972113
create,10580885
create,7958985
create,14630834
create,7690885
create,8365586
create,6728506
create,6875589
create,7743134
create,8871665
create,8410755
create,8132455
create,8122323
create,7370058
create,7921036
create,7259496
create,7388348
create,8583447
create,12503296
create,7701747
create,8393663
create,7451633
create,9289048
create,8853106
create,7133753
create,7093031
create,7343859
create,7747384
create,8258001
create,10382798
create,7084310
create,11522464
create,7673925
create,7862312
create,7947834
create,7485709
create,7548682
create,7909894
create,7574102
create,8165899
create,8199598
create,9230867
create,8020612
create,9287891
create,7827688
create,7612649
create,8364766
create,13822480
create,10032213
create,7746014
create,17325357
create,12233563
create,8842595
create,7705710
create,8489113
create,8871033
create,9574436
create,7533380
create,8535126
create,8905216
create,9013990
create,7556748
create,7461323
create,9642481
create,7628132
create,7698744
create,7827859
create,7469947
create,8488013
create,7567800
create,9602104
create,7685592
create,8036563
create,6774044
create,7338067
create,7643319
create,6778958
create,7580485
create,7517388
create,7723762
create,7347667
create,7171102
create,7547747
create,7985610
create,8410443
create,6631153
create,6841702
create,7264599
create,9770644
create,7990057
create,7584194
create,6655374
create,7032782
create,7376015
create,7142106
create,7603172
create,7774756
create,8527537
create,7717108
create,7696119
create,7752430
create,8143894
create,8238161
create,9462232
create,7185149
create,7020876
create,7382087
create,14195645
create,7868508
create,8236069
create,8940408
create,6887675
create,7630955
create,8857175
create,8408900
create,8908301
create,7260627
create,8035136
create,8101178
create,7757698
create,10752116
create,6831635
create,7418895
create,7572846
create,7207270
create,7353140
create,7812697
create,8298042
create,7530008
create,7609827
create,8574215
create,8378115
create,9829269
create,8145583
create,7702191
create,7181326
create,8394853
create,7806026
create,7624948
create,8099414
create,7687734
create,7680193
create,9301848
create,14158288
create,9779858
create,7457787
create,8397134
create,7256805
create,7516256
create,7295951
create,7838288
create,9270357
create,8353951
create,8972645
create,8423004
create,8205086
create,19625521
create,7919534
create,7814854
create,7306125
create,8386451
create,8010266
create,7331068
create,7307256
create,7564042
create,6835417
create,7369755
create,7712390
create,7700951
create,8045498
create,7961216
create,13664106
create,8151261
create,7526849
create,7589782
create,8918385
create,7013139
create,7607103
create,7173695
create,7830132
create,8569752
create,10574075
create,9783509
create,9062408
create,7717673
create,8220275
create,7315897
create,7409755
create,9200097
create,7370223
create,7094705
create,7732616
create,8617152
create,7642507
create,7662101
create,6847626
create,6822560
create,7266946
create,8872010
create,7970628
create,8665596
create,7689851
create,17157892
create,8130576
create,7465943
create,7461118
create,7648743
create,10823475
create,10482982
create,7181916
create,8856880
create,9777077
create,8974942
create,8654125
create,6823659
create,10285175
create,7920142
create,8130363
create,8550257
create,7568842
create,9541575
create,18612328
create,7395749
create,9223039
create,8215655
create,7278834
create,6696703
create,7175295
create,7218601
create,11905591
create,10106526
create,7305632
create,7397316
create,8787457
create,8687978
create,8990270
create,7985027
create,8488079
create,12245066
create,7227028
create,7519136
create,7630470
create,12991324
create,12330432
create,7462833
create,7385360
create,8047312
create,8885221
create,7781370
create,8204381
create,6858022
create,6969094
create,7968855
create,8837048
create,7613519
create,7469627
create,6654718
create,7393647
create,7530156
create,7467313
create,12246855
create,7819761
create,7902779
create,7469053
create,8033749
create,7903296
create,8462044
create,8453200
create,8764712
create,8178035
create,8262194
create,7229317
create,8355059
create,9610522
create,6616367
create,7593302
create,7675065
create,12209415
create,9860251
create,7895297
create,7206662
create,7139463
create,10038523
create,8087828
create,7622266
create,7471358
create,10652507
create,7554040
create,7290125
create,8099093
create,7497992
create,8576644
create,8652705
create,8039352
create,7982894
create,7913380
create,7876376
create,8170855
create,24044738
create,7229777
create,7477602
create,8557001
create,9676335
create,9214957
create,7993274
create,7104075
create,7416105
create,7690014
create,6883917
create,7583628
create,7245005
create,8731621
create,7204473
create,8625440
create,12027518
create,7301801
create,7113191
create,7812762
create,6525291
create,7769882
create,8042373
create,7490312
create,8515278
create,11374444
create,7319753
create,7153002
create,8862976
create,7667508
create,8232073
create,7204710
create,7241674
create,7417919
create,7564149
create,8994847
create,9468050
create,8767166
create,7379428
create,7833423
create,7014821
create,9632397
create,8018397
create,7868794
create,8118466
create,7346797
create,14890548
create,7920757
create,8088386
create,6829165
create,7249092
create,7594081
create,8152846
create,7670306
create,8124103
create,9291452
create,8092070
create,7391778
create,8067857
create,8344909
create,7373562
create,7660033
create,7333719
create,7553425
create,7182015
create,9327407
create,9749557
create,8643515
create,7569802
create,8446521
create,8682169
create,7266986
create,8538433
create,6293900
create,12370965
create,7071263
create,7119723
create,11334026
create,8793890
create,12299638
create,7376499
create,7007362
create,7086410
create,10366454
create,8378697
create,8418057
create,8345935
create,6827253
create,7087493
create,12613949
create,7575357
create,8452789
create,7763516
create,8251774
create,7457976
create,11443351
create,10009944
create,7898193
create,6633728
create,9225508
create,8060161
create,8356199
create,7560580
create,7801217
create,6980351
create,6917312
create,7677002
create,8967869
create,8790403
create,7732673
create,8713078
create,8487653
create,7385829
create,7339298
create,7824085
create,8418599
create,10359086
create,7885319
create,7335950
create,10040517
create,8146765
create,7592153
stat,1540015
stat,1098132
stat,1167916
stat,1043748
stat,1187230
stat,1057114
stat,1116741
stat,1138246
stat,983507
stat,1174865
stat,1028987
stat,1108396
stat,1092192
stat,1146615
stat,1081418
stat,1347713
stat,1307557
stat,1118816
stat,1193014
stat,1082058
stat,1222520
stat,1258483
stat,1168621
stat,1210721
stat,1217901
stat,1063958
stat,1242220
stat,1156182
stat,1255841
stat,1122657
stat,1051051
stat,1327668
stat,1175144
stat,1038858
stat,1106501
stat,1125414
stat,1020627
stat,1044495
stat,1078727
stat,967762
stat,1080433
stat,1148666
stat,1024089
stat,1037061
stat,1090649
stat,1011060
stat,1265999
stat,1057673
stat,977230
stat,1014448
stat,1181897
stat,976508
stat,947093
stat,1210508
stat,1198643
stat,1374822
stat,1157692
stat,1250730
stat,1216884
stat,1233688
stat,1076643
stat,1356394
stat,1195903
stat,1208768
stat,1233999
stat,1224382
stat,1086563
stat,1131321
stat,1279390
stat,1110242
stat,1066001
stat,1139666
stat,1001058
stat,988463
stat,1068847
stat,1060954
stat,1228690
stat,1401850
stat,1128466
stat,1313243
stat,1158554
stat,1156921
stat,1111317
stat,1092322
stat,1043347
stat,1425932
stat,1048360
stat,1101979
stat,1111457
stat,971183
stat,1030202
stat,1089812
stat,985714
stat,983786
stat,1103490
stat,1251008
stat,997742
stat,1116018
stat,1096474
stat,1120465
stat,1144925
stat,1038596
stat,1287693
stat,1131025
stat,1122222
stat,1315557
stat,1073729
stat,1064901
stat,1319619
stat,1101307
stat,1248686
stat,1225737
stat,1058829
stat,1797850
stat,1159949
stat,1163592
stat,1167785
stat,1130861
stat,1208227
stat,1049697
stat,1185991
stat,1230586
stat,1233490
stat,1156609
stat,1159924
stat,1235550
stat,1191653
stat,1310192
stat,1174512
stat,1290097
stat,1165765
stat,1014235
stat,1006218
stat,988356
stat,935564
stat,940824
stat,1022325
stat,971569
stat,928812
stat,995601
stat,1030580
stat,985058
stat,997537
stat,1122870
stat,1008918
stat,1145909
stat,1045578
stat,955971
stat,1064483
stat,1063293
stat,927392
stat,1512348
stat,1171001
stat,1106656
stat,1428943
stat,1093545
stat,1026370
stat,1120573
stat,1129089
stat,1092536
stat,1140699
stat,1157938
stat,1063351
stat,1342863
stat,1299820
stat,1233539
stat,1110587
stat,1267460
stat,1190422
stat,1179378
stat,1093275
stat,1067954
stat,1370548
stat,1117930
stat,1140642
stat,1102407
stat,1221429
stat,1142283
stat,1083962
stat,1056188
stat,1279685
stat,1215595
stat,1045906
stat,964644
stat,1043109
stat,1024187
stat,1113385
stat,1011527
stat,977640
stat,946929
stat,991540
stat,1005645
stat,1020799
stat,1138312
stat,1126784
stat,1082083
stat,1139025
stat,1028020
stat,1052150
stat,1023130
stat,1060011
stat,1230118
stat,1069570
stat,1275812
stat,1345883
stat,1353760
stat,1154780
stat,1373739
stat,1448889
stat,1521226
stat,1128260
stat,1217515
stat,1213339
stat,1088055
stat,1242204
stat,1177909
stat,1450588
stat,1170599
stat,1233622
stat,1103604
stat,1435524
stat,1411573
stat,1113853
stat,1231250
stat,1210795
stat,1107912
stat,1131379
stat,1378301
stat,1404066
stat,1246027
stat,1018264
stat,926179
stat,966646
stat,1044060
stat,972102
stat,1246593
stat,1058558
stat,1024516
stat,990974
stat,996864
stat,963626
stat,1176252
stat,1154566
stat,1104975
stat,1093725
stat,1075797
stat,1265712
stat,1209687
stat,1090821
stat,1109348
stat,1018616
stat,1012299
stat,1155353
stat,1019716
stat,1004766
stat,1463502
stat,1404197
stat,1100601
stat,1214258
stat,1025500
stat,1405008
stat,1072491
stat,1052840
stat,1222905
stat,1225236
stat,1389551
stat,1225162
stat,1154139
stat,1361448
stat,1084766
stat,925005
stat,1216523
stat,1082279
stat,1013447
stat,1149027
stat,1173339
stat,1409964
stat,1171100
stat,1345210
stat,1100913
stat,1252206
stat,1032122
stat,923749
stat,949407
stat,941768
stat,911811
stat,1023515
stat,1050419
stat,979823
stat,996545
stat,1043666
stat,996471
stat,857699
stat,1026181
stat,1135760
stat,1145122
stat,1446165
stat,1089517
stat,1501598
stat,1393530
stat,1606853
stat,1187181
stat,1216916
stat,1213757
stat,1109323
stat,1029948
stat,1214726
stat,1336480
stat,1126504
stat,1211320
stat,1131641
stat,1614828
stat,1160449
stat,1195509
stat,1275705
stat,1177556
stat,1384619
stat,1262430
stat,1464922
stat,1052003
stat,1106755
stat,1093816
stat,1075280
stat,1109955
stat,1204584
stat,973324
stat,1062431
stat,966998
stat,908857
stat,1246848
stat,1066181
stat,979724
stat,1008967
stat,984377
stat,961296
stat,955553
stat,934695
stat,1038571
stat,1023228
stat,1394244
stat,1101939
stat,1398716
stat,1271767
stat,1059166
stat,1102948
stat,1341699
stat,1136589
stat,1103958
stat,1244682
stat,1150365
stat,1271456
stat,1321318
stat,1315426
stat,1269560
stat,1192170
stat,1296932
stat,1258187
stat,1285387
stat,1298162
stat,1368750
stat,1147272
stat,1101168
stat,902105
stat,1064237
stat,1044832
stat,1017779
stat,1183800
stat,1054210
stat,1247529
stat,1089434
stat,1081525
stat,940652
stat,983367
stat,1158570
stat,992836
stat,1177598
stat,1031153
stat,1216251
stat,1104228
stat,1169975
stat,1198759
stat,1169212
stat,1110045
stat,1312759
stat,1179919
stat,976672
stat,1247521
stat,1070677
stat,1341846
stat,1398125
stat,1398650
stat,1202475
stat,1152400
stat,1164682
stat,1522366
stat,1021275
stat,1288587
stat,1243952
stat,1119465
stat,1056113
stat,1028618
stat,1170435
stat,1190668
stat,1237240
stat,1162820
stat,1064663
stat,1095900
stat,1096728
stat,1056663
stat,994592
stat,1056015
stat,1127965
stat,1053652
stat,1042239
stat,1091436
stat,1005152
stat,1153351
stat,1036635
stat,1037143
stat,1138895
stat,1041869
stat,1193597
stat,1123723
stat,1063793
stat,1118841
stat,2202056
stat,1313809
stat,1109291
stat,1171173
stat,1018755
stat,2683750
stat,1441144
stat,1232899
stat,1127457
stat,1280333
stat,1390454
stat,1189339
stat,1314975
stat,1047063
stat,1066345
stat,1058280
stat,1051675
stat,1284329
stat,1124856
stat,962756
stat,1297908
stat,1309847
stat,1053709
stat,1130123
stat,941177
stat,1087112
stat,1221446
stat,1036495
stat,952607
stat,1031162
stat,1094332
stat,1075748
stat,1131896
stat,1119966
stat,933120
stat,1146935
stat,1015089
stat,1086226
stat,1262988
stat,1011503
stat,1141602
stat,1118004
stat,1034870
stat,1086603
stat,1230750
stat,1037595
stat,1131050
stat,1118857
stat,1321719
stat,1143161
stat,1575838
stat,1050583
stat,1116134
stat,959614
stat,1006415
stat,1017533
stat,1099067
stat,983523
stat,1141520
stat,1114394
stat,1385341
stat,1223242
stat,1406396
stat,1238824
stat,1077800
stat,1119834
stat,1096753
stat,1377219
stat,1161803
stat,1111268
stat,1074822
stat,1222677
stat,1076757
stat,2453352
stat,1071736
stat,1156650
stat,1198471
stat,991401
stat,985287
stat,1010108
stat,1019018
stat,965834
stat,994715
stat,1011823
stat,1024786
stat,1337859
stat,1082346
stat,1186204
stat,1058296
stat,1088491
stat,1287989
stat,1208079
stat,1266335
stat,1156863
stat,1320308
stat,1116962
stat,1209376
stat,1294930
stat,1460130
stat,1174980
stat,1178944
stat,1183497
stat,1105647
stat,1288628
stat,1162114
stat,1051912
stat,1304801
stat,1161959
stat,1129967
stat,1461074
stat,1432988
stat,1160457
stat,1132888
stat,1209728
stat,1270872
stat,1118759
stat,956316
stat,1147116
stat,1157290
stat,1050067
stat,1117750
stat,999408
stat,944574
stat,1032548
stat,1027823
stat,991736
stat,986879
stat,1037119
stat,984376
stat,945961
stat,1026116
stat,1169548
stat,947158
stat,1022563
stat,983523
stat,1033640
stat,1094226
stat,1236346
stat,1151932
stat,1142365
stat,1305408
stat,1082607
stat,1089910
stat,1344472
stat,1216022
stat,1389985
stat,1121327
stat,1105886
stat,1073172
stat,1196510
stat,1249178
stat,1187156
stat,1208571
stat,1119391
stat,1212715
stat,1409842
stat,1144884
stat,1360176
stat,1302691
stat,1092626
stat,1207792
stat,1082387
stat,1153893
stat,1392685
stat,1040869
stat,1078546
stat,1239661
stat,1120105
stat,1292616
stat,1047949
stat,1027421
stat,1242204
stat,1091001
stat,1078760
stat,1066386
stat,1035995
stat,1186714
stat,937698
stat,1066805
stat,1071802
stat,1033263
stat,1292484
stat,1114041
stat,1437633
stat,1005291
stat,1063990
stat,1029381
stat,1097664
stat,1190906
stat,1414199
stat,1256654
stat,1301765
stat,1162476
stat,1283000
stat,1108421
stat,1247833
stat,1315237
stat,1032163
stat,1205314
stat,1167128
stat,1115247
stat,1120089
stat,1161622
stat,1128695
stat,997726
stat,1120146
stat,1088048
stat,1135399
stat,1079268
stat,1072393
stat,1067462
stat,1071752
stat,1070144
stat,964651
stat,1074591
stat,1029168
stat,1075510
stat,1093758
stat,975269
stat,1013570
stat,1150480
stat,1033401
stat,1110718
stat,1074772
stat,978330
stat,1089344
stat,1341633
stat,1128441
stat,1411549
stat,1131953
stat,1110939
stat,1162697
stat,1031244
stat,1334232
stat,1048639
stat,1174784
stat,1123690
stat,1135662
stat,982317
stat,1290483
stat,1409916
stat,1075863
stat,1122632
stat,1100691
stat,1301814
stat,1119194
stat,1068725
stat,1129696
stat,1100027
stat,1203221
stat,1326100
stat,1412114
stat,1263832
stat,1078849
stat,1170755
stat,1301839
stat,1124519
stat,1204272
stat,1058370
stat,1176260
stat,1118349
stat,1043691
stat,1079974
stat,1156708
stat,1012586
stat,1162254
stat,1043445
stat,1036503
stat,1062234
stat,1014719
stat,1012315
stat,1109209
stat,1076446
stat,1258836
stat,1323426
stat,1088836
stat,1281892
stat,1215734
stat,1137951
stat,1138649
stat,1169975
stat,1076905
stat,1190307
stat,1242081
stat,1199292
stat,1482851
stat,1223505
stat,1180428
stat,1216359
stat,1320554
stat,1179190
stat,1179140
stat,1121844
stat,1330072
stat,1211501
stat,1108806
stat,1250147
stat,1240317
stat,1092363
stat,1028323
stat,1153474
stat,1017361
stat,1093963
stat,1410088
stat,1062341
stat,1083887
stat,1117939
stat,961558
stat,1050074
stat,1059371
stat,970199
stat,1160080
stat,1106057
stat,967359
stat,1114254
stat,1084831
stat,1324148
stat,1159447
stat,1090304
stat,1169344
stat,1117914
stat,1096400
stat,1373682
stat,1187510
stat,1133282
stat,11175
stat,3733
stat,3389
stat,2872
stat,3028
stat,3052
stat,3208
stat,3036
stat,2798
stat,2789
stat,2708
stat,2815
stat,3052
stat,2527
stat,2863
stat,2863
stat,3061
stat,2593
stat,3257
stat,2847
stat,2429
stat,2519
stat,3208
stat,2749
stat,2609
stat,2724
stat,2510
stat,2806
stat,2872
stat,2888
stat,2568
stat,2930
stat,2806
stat,3028
stat,2823
stat,2511
stat,2946
stat,2502
stat,2617
stat,2470
stat,2617
stat,2297
stat,2601
stat,2503
stat,2535
stat,2527
stat,2445
stat,2568
stat,2642
stat,2552
stat,4094
stat,2585
stat,3102
stat,2355
stat,2413
stat,2470
stat,2305
stat,2420
stat,2707
stat,2584
stat,2560
stat,2223
stat,2544
stat,2577
stat,2593
stat,2511
stat,2724
stat,2503
stat,2511
stat,3061
stat,2421
stat,2486
stat,2740
stat,2363
stat,2322
stat,2560
stat,2781
stat,3126
stat,2544
stat,2503
stat,2519
stat,2814
stat,2847
stat,2568
stat,2675
stat,2634
stat,2535
stat,2625
stat,2544
stat,2651
stat,2797
stat,2724
stat,2265
stat,2372
stat,2609
stat,2658
stat,2486
stat,2519
stat,2708
stat,2707
stat,4160
stat,2937
stat,2477
stat,2864
stat,2774
stat,2486
stat,2699
stat,2650
stat,2379
stat,2519
stat,2372
stat,2683
stat,2568
stat,2551
stat,2659
stat,2347
stat,2364
stat,2421
stat,2691
stat,2543
stat,2355
stat,2273
stat,2700
stat,2297
stat,2552
stat,2535
stat,2511
stat,12578
stat,3134
stat,2962
stat,2297
stat,2740
stat,2937
stat,2486
stat,2437
stat,2388
stat,2700
stat,2511
stat,2732
stat,2749
stat,2527
stat,2560
stat,2396
stat,2404
stat,2404
stat,2511
stat,2798
stat,2379
stat,2585
stat,2560
stat,4053
stat,2396
stat,2863
stat,2576
stat,2437
stat,2420
stat,2445
stat,2314
stat,2298
stat,2609
stat,2445
stat,2708
stat,2478
stat,2831
stat,2322
stat,2437
stat,2634
stat,2691
stat,2363
stat,2338
stat,2355
stat,2626
stat,2691
stat,2568
stat,2716
stat,2486
stat,2437
stat,2445
stat,2429
stat,2650
stat,2330
stat,2289
stat,2412
stat,2749
stat,2527
stat,2535
stat,2502
stat,2798
stat,2856
stat,2462
stat,2536
stat,2264
stat,2494
stat,2519
stat,2708
stat,2396
stat,2503
stat,2404
stat,2445
stat,2716
stat,4349
stat,2552
stat,2298
stat,2330
stat,2429
stat,2773
stat,2519
stat,2412
stat,2412
stat,2946
stat,2519
stat,2404
stat,2486
stat,2856
stat,2585
stat,2692
stat,2847
stat,2650
stat,2724
stat,2314
stat,2601
stat,2773
stat,2930
stat,2478
stat,2666
stat,2683
stat,2822
stat,2708
stat,2617
stat,2289
stat,2650
stat,2609
stat,2453
stat,2461
stat,2503
stat,2642
stat,2790
stat,2379
stat,3503
stat,2355
stat,2855
stat,2577
stat,2428
stat,2404
stat,2683
stat,2380
stat,2396
stat,2273
stat,2962
stat,2896
open_read,1161253
open_read,988175
open_read,1035781
open_read,1110644
open_read,990358
open_read,1136367
open_read,888952
open_read,1057558
open_read,954650
open_read,940045
open_read,1163321
open_read,979618
open_read,1045390
open_read,835964
open_read,951040
open_read,1018649
open_read,930191
open_read,1163534
open_read,1016935
open_read,913083
open_read,815689
open_read,815550
open_read,1197946
open_read,946158
open_read,909727
open_read,1218188
open_read,934490
open_read,822761
open_read,943581
open_read,1051625
open_read,856066
open_read,899356
open_read,1049287
open_read,902211
open_read,1044225
open_read,1061405
open_read,874618
open_read,794503
open_read,998481
open_read,809937
open_read,884275
open_read,876341
open_read,1075658
open_read,1076782
open_read,1128491
open_read,1034493
open_read,976533
open_read,915225
open_read,1130878
open_read,1060430
open_read,914929
open_read,1000171
open_read,1058239
open_read,980241
open_read,949464
open_read,1176186
open_read,1085340
open_read,992041
open_read,979577
open_read,985066
open_read,1098214
open_read,953033
open_read,830680
open_read,1135637
open_read,1140970
open_read,1040943
open_read,1062038
open_read,942096
open_read,1245330
open_read,943877
open_read,1036184
open_read,984573
open_read,977895
open_read,1022202
open_read,857650
open_read,859406
open_read,894835
open_read,810659
open_read,910474
open_read,814639
open_read,823911
open_read,838089
open_read,789367
open_read,817018
open_read,834618
open_read,815869
open_read,845071
open_read,1017377
open_read,954658
open_read,836998
open_read,1064803
open_read,1012660
open_read,833035
open_read,1029414
open_read,932299
open_read,839049
open_read,935876
open_read,1073475
open_read,1047556
open_read,868481
open_read,1033148
open_read,1172380
open_read,939224
open_read,998449
open_read,1062349
open_read,1006645
open_read,928279
open_read,1104662
open_read,1039334
open_read,1056614
open_read,992565
open_read,1174718
open_read,956397
open_read,1014358
open_read,1133142
open_read,1038727
open_read,881969
open_read,1090345
open_read,1235583
open_read,957431
open_read,1246774
open_read,1039351
open_read,925751
open_read,1042304
open_read,1073435
open_read,1028331
open_read,1007827
open_read,1134710
open_read,1083994
open_read,929378
open_read,970453
open_read,835849
open_read,836497
open_read,774451
open_read,863582
open_read,834396
open_read,850405
open_read,878088
open_read,938913
open_read,903885
open_read,874470
open_read,821531
open_read,857855
open_read,841527
open_read,757195
open_read,838687
open_read,882634
open_read,1007219
open_read,1123518
open_read,1062784
open_read,1083592
open_read,1034543
open_read,1037472
open_read,1070481
open_read,996635
open_read,1034190
open_read,1126184
open_read,915946
open_read,1237396
open_read,1087727
open_read,880411
open_read,1210607
open_read,1030760
open_read,914782
open_read,1171000
open_read,1102760
open_read,993903
open_read,984295
open_read,1067518
open_read,995305
open_read,874971
open_read,969673
open_read,999211
open_read,956340
open_read,974284
open_read,1075904
open_read,987412
open_read,1040475
open_read,1039433
open_read,911548
open_read,950293
open_read,1096687
open_read,967229
open_read,918351
open_read,988939
open_read,1125734
open_read,924833
open_read,836185
open_read,1062374
open_read,1094587
open_read,873108
open_read,927705
open_read,1087039
open_read,885629
open_read,990457
open_read,1041566
open_read,989882
open_read,1038629
open_read,1023113
open_read,1190849
open_read,914741
open_read,941071
open_read,1082403
open_read,935885
open_read,1021069
open_read,988906
open_read,931619
open_read,856451
open_read,846129
open_read,902975
open_read,821105
open_read,1028643
open_read,1000968
open_read,845687
open_read,792682
open_read,1164314
open_read,892193
open_read,877703
open_read,1102144
open_read,955519
open_read,881994
open_read,1116412
open_read,912352
open_read,990703
open_read,953025
open_read,1188732
open_read,1049992
open_read,950457
open_read,1019592
open_read,1336719
open_read,937887
open_read,1079662
open_read,1129204
open_read,910154
open_read,943811
open_read,1006850
open_read,987995
open_read,987445
open_read,1083724
open_read,984787
open_read,1077348
open_read,1102316
open_read,994428
open_read,955085
open_read,969813
open_read,1020126
open_read,854007
open_read,936278
open_read,1074025
open_read,1002559
open_read,890700
open_read,1012512
open_read,946765
open_read,837884
open_read,1066379
open_read,1017230
open_read,892390
open_read,944205
open_read,997660
open_read,935917
open_read,925235
open_read,840763
open_read,865576
open_read,856994
open_read,846343
open_read,808633
open_read,934482
open_read,872181
open_read,785117
open_read,878302
open_read,837162
open_read,783132
open_read,808263
open_read,818052
open_read,940496
open_read,917391
open_read,1042337
open_read,921230
open_read,1101873
open_read,1116380
open_read,915750
open_read,960262
open_read,1128236
open_read,900612
open_read,1010461
open_read,1112417
open_read,940102
open_read,1000664
open_read,1038661
open_read,997940
open_read,876734
open_read,1006867
open_read,818306
open_read,1000229
open_read,1097369
open_read,912779
open_read,925711
open_read,1074492
open_read,1031178
open_read,2640444
open_read,951926
open_read,987232
open_read,997776
open_read,1019231
open_read,1036865
open_read,926908
open_read,1094308
open_read,1020389
open_read,980996
open_read,1096245
open_read,1059009
open_read,899832
open_read,1027979
open_read,938388
open_read,805556
open_read,971585
open_read,864328
open_read,4588873
open_read,5007397
open_read,1109463
open_read,902646
open_read,818864
open_read,913542
open_read,966071
open_read,834561
open_read,841354
open_read,1071539
open_read,1312226
open_read,1218237
open_read,1266852
open_read,1015580
open_read,933760
open_read,1134415
open_read,1021242
open_read,921887
open_read,1042133
open_read,1124896
open_read,973931
open_read,1058682
open_read,1165626
open_read,1017353
open_read,1044331
open_read,1030686
open_read,1111359
open_read,889141
open_read,1008737
open_read,968516
open_read,832501
open_read,995412
open_read,3016506
open_read,904189
open_read,823714
open_read,917571
open_read,1072811
open_read,978731
open_read,954018
open_read,970322
open_read,1004044
open_read,928460
open_read,951844
open_read,1045439
open_read,917579
open_read,910851
open_read,924660
open_read,1054579
open_read,797310
open_read,980833
open_read,1015351
open_read,861424
open_read,816190
open_read,986280
open_read,978378
open_read,941316
open_read,1042477
open_read,988143
open_read,1015359
open_read,998523
open_read,957333
open_read,3600091
open_read,943556
open_read,1026969
open_read,894449
open_read,950793
open_read,1026640
open_read,798524
open_read,1023515
open_read,946354
open_read,1008401
open_read,1076946
open_read,907980
open_read,1226016
open_read,900972
open_read,1069578
open_read,1039662
open_read,961049
open_read,1100060
open_read,980077
open_read,1023195
open_read,1033574
open_read,1015524
open_read,952336
open_read,1054251
open_read,1065927
open_read,946740
open_read,954945
open_read,1141110
open_read,1133692
open_read,1039006
open_read,1102964
open_read,938527
open_read,923963
open_read,1054153
open_read,855090
open_read,813769
open_read,972611
open_read,973283
open_read,884464
open_read,870014
open_read,1077636
open_read,1028995
open_read,892078
open_read,974998
open_read,1018026
open_read,996808
open_read,1010461
open_read,960566
open_read,1099370
open_read,985821
open_read,891208
open_read,1054415
open_read,1021939
open_read,873740
open_read,843513
open_read,1077767
open_read,899733
open_read,892439
open_read,990391
open_read,927352
open_read,785519
open_read,914166
open_read,1052979
open_read,825864
open_read,931307
open_read,1015523
open_read,924587
open_read,1066444
open_read,884644
open_read,930117
open_read,1094505
open_read,1032926
open_read,1052774
open_read,915364
open_read,959467
open_read,983688
open_read,831952
open_read,929198
open_read,1028471
open_read,1036216
open_read,869260
open_read,952796
open_read,1003904
open_read,928960
open_read,936181
open_read,960976
open_read,896459
open_read,847147
open_read,1075248
open_read,1028224
open_read,1086899
open_read,1054973
open_read,1041631
open_read,1030276
open_read,918498
open_read,1036774
open_read,898478
open_read,1016221
open_read,1222454
open_read,935959
open_read,963084
open_read,1061225
open_read,927516
open_read,915930
open_read,1140035
open_read,920517
open_read,866298
open_read,1109569
open_read,911196
open_read,950785
open_read,1160235
open_read,1078858
open_read,1115936
open_read,1185220
open_read,1025845
open_read,981398
open_read,1057993
open_read,1039736
open_read,1162065
open_read,954486
open_read,980873
open_read,923560
open_read,923586
open_read,964275
open_read,976491
open_read,946707
open_read,933899
open_read,959549
open_read,860759
open_read,1230578
open_read,1015794
open_read,820301
open_read,1038629
open_read,957751
open_read,943705
open_read,979577
open_read,795579
open_read,1086776
open_read,1051067
open_read,1391856
open_read,1017255
open_read,802028
open_read,1078218
open_read,995092
open_read,948020
open_read,977345
open_read,1060487
open_read,846901
open_read,890577
open_read,1071744
open_read,806951
open_read,794077
open_read,1134267
open_read,942039
open_read,1239735
open_read,1309592
open_read,1056475
open_read,1140346
open_read,1093258
open_read,977698
open_read,1018863
open_read,1023925
open_read,881297
open_read,1057229
open_read,1019576
open_read,908800
open_read,1002256
open_read,988143
open_read,822827
open_read,814237
open_read,1076117
open_read,1140281
open_read,877834
open_read,977977
open_read,1051716
open_read,957924
open_read,1054883
open_read,1142070
open_read,1420180
open_read,1038349
open_read,894071
open_read,904246
open_read,982005
open_read,809995
open_read,892243
open_read,1023711
open_read,932430
open_read,937674
open_read,1034920
open_read,931815
open_read,877046
open_read,768338
open_read,874626
open_read,1022612
open_read,883315
open_read,867980
open_read,816977
open_read,832739
open_read,807361
open_read,996660
open_read,1198750
open_read,950974
open_read,1178550
open_read,1205470
open_read,868152
open_read,827119
open_read,1026797
open_read,985033
open_read,849650
open_read,1003675
open_read,1197741
open_read,963987
open_read,1011035
open_read,989168
open_read,874044
open_read,997858
open_read,1022662
open_read,861432
open_read,985838
open_read,1094127
open_read,1052905
open_read,917694
open_read,1313178
open_read,925874
open_read,1031547
open_read,1105451
open_read,1092421
open_read,1043568
open_read,1082050
open_read,1091962
open_read,940332
open_read,1134595
open_read,972816
open_read,927950
open_read,1188067
open_read,993402
open_read,908980
open_read,1100486
open_read,1163903
open_read,1175990
open_read,905157
open_read,1150833
open_read,1072614
open_read,1017886
open_read,1093807
open_read,868849
open_read,1077315
open_read,991212
open_read,871328
open_read,1162385
open_read,967015
open_read,946691
open_read,766927
open_read,853990
open_read,771004
open_read,871656
open_read,844703
open_read,740752
open_read,852702
open_read,920033
open_read,951171
open_read,1031104
open_read,1003355
open_read,991884
open_read,995109
open_read,1092569
open_read,860053
open_read,1233089
open_read,981595
open_read,836087
open_read,838811
open_read,1093734
open_read,910572
open_read,887270
open_read,1100223
open_read,865026
open_read,1005735
open_read,1059190
open_read,876078
open_read,949866
open_read,1410785
open_read,1007737
open_read,994969
open_read,1069324
open_read,947708
open_read,1210385
open_read,1071236
open_read,1117619
open_read,952048
open_read,1140527
open_read,1135859
open_read,967212
open_read,1174840
open_read,1050329
open_read,883430
open_read,904090
open_read,1024048
open_read,942244
open_read,869892
open_read,1015417
open_read,1002969
open_read,869982
open_read,1015113
open_read,887426
open_read,816181
open_read,914953
open_read,898593
open_read,1239997
open_read,1336702
open_read,1463478
open_read,1143473
open_read,968705
open_read,871246
open_read,849970
open_read,781818
open_read,846704
open_read,747907
open_read,851373
open_read,732055
open_read,798344
open_read,1238315
open_read,973423
open_read,890774
open_read,1020282
open_read,919073
open_read,1061702
open_read,1015022
open_read,927048
open_read,1050895
open_read,1092823
open_read,899717
open_read,933087
open_read,1022932
open_read,966276
open_read,1044298
open_read,971126
open_read,1099108
open_read,1007646
open_read,838564
open_read,1426654
open_read,1034953
open_read,860842
open_read,973521
open_read,1088622
open_read,906699
open_read,1013660
open_read,979814
open_read,1018116
open_read,1049386
open_read,849617
open_read,1091986
open_read,1060117
open_read,975278
open_read,1149470
open_read,1040458
open_read,968541
open_read,1014957
open_read,1028085
open_read,982728
open_read,1002469
open_read,1159145
open_read,897772
open_read,920968
open_read,937904
open_read,774557
open_read,934728
open_read,810421
open_read,888886
open_read,945411
open_read,1003962
open_read,975802
open_read,969354
open_read,1851003
open_read,1784895
open_read,1662458
open_read,1718138
open_read,1830015
open_read,1959186
open_read,1829735
open_read,1729773
open_read,1822268
open_read,1773333
open_read,1872574
open_read,1912606
open_read,1712100
open_read,1570333
open_read,1676490
open_read,1496774
open_read,1726466
open_read,1457947
open_read,1752673
open_read,1744246
open_read,1803479
open_read,1665035
open_read,1611268
open_read,1466309
open_read,1857665
open_read,1768870
open_read,1876249
open_read,1742204
open_read,1595588
open_read,1772111
open_read,1786396
open_read,1809502
open_read,1579620
open_read,1631420
open_read,1718130
open_read,1690471
open_read,1695296
open_read,1699225
open_read,1835553
open_read,1718065
open_read,1666824
open_read,1817141
open_read,1855524
open_read,1875561
open_read,1689921
open_read,1826700
open_read,1572154
open_read,1702458
open_read,1706257
open_read,1767131
open_read,1863934
open_read,1736050
open_read,1553389
open_read,1650824
open_read,1823442
open_read,1673092
open_read,1889624
open_read,1743221
open_read,2063768
open_read,1864952
open_read,1908003
open_read,1783746
open_read,1795291
open_read,1778610
open_read,1894777
open_read,1677499
open_read,1726884
open_read,1724062
open_read,1752394
open_read,1656608
open_read,1689199
open_read,1687649
open_read,1559756
open_read,1832590
open_read,1781678
open_read,1410310
open_read,2408487
open_read,1632429
open_read,1685023
open_read,1640871
open_read,1967088
open_read,1951433
open_read,5373736
open_read,2115583
open_read,1650988
open_read,2010033
open_read,1828841
open_read,1829932
open_read,1827118
open_read,1859823
open_read,1645293
open_read,1842584
open_read,1626734
open_read,2040031
open_read,1597426
open_read,1839081
open_read,1512602
open_read,1678467
open_read,1628334
open_read,1790055
open_read,1629433
open_read,2049598
open_read,1663394
open_read,1724087
open_read,1663755
open_read,1484434
open_read,1508261
open_read,1764234
open_read,1745888
open_read,1604039
open_read,1479708
open_read,1664338
open_read,1729182
open_read,1791032
open_read,1713174
open_read,1724768
open_read,1974957
open_read,1908283
open_read,1790835
open_read,1743623
open_read,1709187
open_read,1688814
open_read,1948232
open_read,1752788
open_read,1666003
open_read,1635226
open_read,2000810
open_read,1974546
open_read,1779233
open_read,1932742
open_read,1550287
open_read,1438437
open_read,1581475
open_read,1485098
open_read,1712066
open_read,1421222
open_read,1553447
open_read,1629549
open_read,1826314
open_read,1820251
open_read,1638927
open_read,1667136
open_read,1495568
open_read,1731045
open_read,2017360
open_read,1621335
open_read,1688551
open_read,1584248
open_read,1571268
open_read,1480733
open_read,1644596
open_read,1426867
open_read,1585980
open_read,1553290
open_read,1825124
open_read,1615821
open_read,1462190
open_read,1391839
open_read,1648009
open_read,1525475
open_read,1359955
open_read,1433563
open_read,1462461
open_read,1706060
open_read,1603522
open_read,1518641
open_read,1476089
open_read,1622812
open_read,1861800
open_read,1567157
open_read,1634799
open_read,2048245
open_read,1827897
open_read,1750598
open_read,1582443
open_read,1970821
open_read,2096432
open_read,1777395
open_read,1815343
open_read,1768812
open_read,1684153
open_read,1690463
open_read,1742795
open_read,1703837
open_read,1509107
open_read,1522793
open_read,1473333
open_read,1731316
open_read,1411196
open_read,1464602
open_read,1421345
open_read,1311250
open_read,1370129
open_read,1859118
open_read,1821161
open_read,1735812
open_read,1620096
open_read,1793617
open_read,1982021
open_read,1513652
open_read,1640371
open_read,1932380
open_read,1464307
open_read,1601963
open_read,1822564
open_read,1610480
open_read,1766663
open_read,2031875
open_read,1652899
open_read,1554505
open_read,1428040
open_read,1370392
open_read,1526935
open_read,1723807
open_read,1524442
open_read,1825542
open_read,1694385
open_read,1489881
open_read,1625175
open_read,1584987
open_read,1697437
open_read,1920229
open_read,1712370
open_read,1666774
open_read,1715258
open_read,1930813
open_read,2116567
open_read,1786839
open_read,1867906
open_read,1918777
open_read,1742080
open_read,1653269
open_read,1717441
open_read,1688674
open_read,1903408
open_read,1911794
open_read,1877399
open_read,1904639
open_read,1835618
open_read,1611759
open_read,1572580
open_read,1615000
open_read,1545808
open_read,1509746
open_read,1597384
open_read,1581434
open_read,1729732
open_read,1749317
open_read,1514005
open_read,1793264
stat_enoent,1203263
stat_enoent,1286109
stat_enoent,1241819
stat_enoent,1195000
stat_enoent,1109726
stat_enoent,1308641
stat_enoent,1192859
stat_enoent,1429296
stat_enoent,1374937
stat_enoent,1793764
stat_enoent,1287316
stat_enoent,1216801
stat_enoent,1174652
stat_enoent,1454846
stat_enoent,1212379
stat_enoent,1427105
stat_enoent,1328537
stat_enoent,1000836
stat_enoent,1164240
stat_enoent,1301764
unlink,3559319
unlink,3354210
unlink,3337578
unlink,5867484
unlink,3173920
unlink,3209366
unlink,3089022
unlink,3027427
unlink,3282793
unlink,3395563
unlink,3413950
unlink,3194539
unlink,3136169
unlink,3185965
unlink,3185785
unlink,3074310
unlink,3458890
unlink,3480756
unlink,3379547
unlink,2984810
unlink,2946525
unlink,3243384
unlink,2972265
unlink,3261082
unlink,3268704
unlink,3120488
unlink,4468907
unlink,3637161
unlink,4058974
unlink,3370530
unlink,3452957
unlink,3275162
unlink,2951005
unlink,3241128
unlink,3089630
unlink,3443546
unlink,3666051
unlink,3520739
unlink,3083583
unlink,3358723
unlink,3286067
unlink,3354357
unlink,3451169
unlink,3306513
unlink,3163442
unlink,3473650
unlink,3200275
unlink,3310148
unlink,3059640
unlink,3141485
unlink,3247494
unlink,3052575
unlink,3375034
unlink,3307293
unlink,3492620
unlink,2949110
unlink,3216981
unlink,3267212
unlink,3418020
unlink,3348877
unlink,3346792
unlink,3684996
unlink,3543804
unlink,3706657
unlink,3203212
unlink,3499382
unlink,4365409
unlink,3412096
unlink,3008564
unlink,3057613
unlink,3614794
unlink,3036600
unlink,3366444
unlink,3619823
unlink,2924338
unlink,3433832
unlink,3214231
unlink,3208972
unlink,3054118
unlink,3349377
unlink,2968670
unlink,3164919
unlink,3331622
unlink,3127480
unlink,3397229
unlink,3242055
unlink,3219918
unlink,3025843
unlink,3366837
unlink,3538684
unlink,3218547
unlink,3503123
unlink,3288733
unlink,3121883
unlink,3021421
unlink,3420515
unlink,3421040
unlink,3411661
unlink,3287273
unlink,3048727
unlink,3184300
unlink,3139278
unlink,3211942
unlink,3357885
unlink,3058434
unlink,3151225
unlink,4172450
unlink,3255651
unlink,3115804
unlink,2981306
unlink,3060017
unlink,2927440
unlink,3050877
unlink,3318649
unlink,2741341
unlink,3054676
unlink,3065966
unlink,3108280
unlink,3203507
unlink,2976334
unlink,3549736
unlink,3029438
unlink,3181526
unlink,3340737
unlink,3379432
unlink,3346948
unlink,3222223
unlink,3507242
unlink,3111184
unlink,4288158
unlink,3118667
unlink,3256381
unlink,3011870
unlink,2932576
unlink,3000990
unlink,3088678
unlink,3255799
unlink,3113924
unlink,3341336
unlink,3084666
unlink,3058648
unlink,3123820
unlink,11813440
unlink,3341418
unlink,3536493
unlink,3291934
unlink,3505790
unlink,3184316
unlink,2892331
unlink,3086643
unlink,3131860
unlink,3227334
unlink,3606844
unlink,3215921
unlink,3063603
unlink,3069421
unlink,3145145
unlink,3213772
unlink,3142166
unlink,3346391
unlink,3628004
unlink,3940739
unlink,3726448
unlink,3260508
unlink,3081695
unlink,3275597
unlink,3064087
unlink,3016473
unlink,3114327
unlink,3312495
unlink,4754936
unlink,3146835
unlink,3148303
unlink,3138105
unlink,6843753
unlink,3208570
unlink,3267950
unlink,3007628
unlink,3371990
unlink,3070134
unlink,3421680
unlink,3014849
unlink,2783088
unlink,3092017
unlink,3025720
unlink,2829595
unlink,4412431
unlink,3180549
unlink,3274957
unlink,3095792
unlink,3288052
unlink,2939961
unlink,3315038
unlink,3318239
unlink,3291712
unlink,3938893
unlink,3482061
unlink,3233908
unlink,3069388
unlink,2958562
unlink,3034935
unlink,3147361
unlink,3254895
unlink,3388030
unlink,3236549
unlink,3373959
unlink,3451243
unlink,3154540
unlink,3282211
unlink,3331999
unlink,3138499
unlink,2987074
unlink,3153875
unlink,3257587
unlink,2867297
unlink,3200849
unlink,3148894
unlink,3190863
unlink,3062076
unlink,3051935
unlink,3220558
unlink,3362956
unlink,3131885
unlink,2997544
unlink,3175511
unlink,4518835
unlink,2876971
unlink,3210671
unlink,3179377
unlink,3268040
unlink,3171032
unlink,3114737
unlink,3566023
unlink,2933791
unlink,3394422
unlink,3304167
unlink,3380400
unlink,3146720
unlink,3149059
unlink,2998570
unlink,3361413
unlink,3419227
unlink,3010139
unlink,4946967
unlink,4286895
unlink,3217620
unlink,3914804
unlink,3039176
unlink,3138368
unlink,3121137
unlink,2795264
unlink,3279257
unlink,3570298
unlink,3239618
unlink,3344847
unlink,3297201
unlink,3461999
unlink,3041105
unlink,3217989
unlink,3682362
unlink,3483546
unlink,3159742
unlink,3397795
unlink,3194522
unlink,3054192
unlink,3033023
unlink,3221321
unlink,3307154
unlink,3112628
unlink,2958775
unlink,2977351
unlink,3036567
unlink,3106286
unlink,3396860
unlink,3339260
unlink,3277329
unlink,2950488
unlink,3372400
unlink,3020945
unlink,3251458
unlink,3064571
unlink,3287954
unlink,3290062
unlink,3421466
unlink,3065186
unlink,3037979
unlink,2973052
unlink,3340384
unlink,3138859
unlink,2962796
unlink,3021962
unlink,3551024
unlink,3194769
unlink,3107492
unlink,3203294
unlink,3201464
unlink,2924257
unlink,3030677
unlink,3071234
unlink,3023481
unlink,3332097
unlink,3302346
unlink,3199905
unlink,3016121
unlink,3376084
unlink,2856039
unlink,3733021
unlink,3189091
unlink,3027969
unlink,3419695
unlink,3277279
unlink,3072653
unlink,3394759
unlink,3063308
unlink,3229402
unlink,3138532
unlink,3090688
unlink,3097908
unlink,2982143
unlink,3049433
unlink,3276787
unlink,3156944
unlink,3181715
unlink,3492949
unlink,2991054
unlink,3076001
unlink,2927546
unlink,3074770
unlink,3143365
unlink,3193776
unlink,3456773
unlink,3345447
unlink,3246961
unlink,2974480
unlink,3202604
unlink,4811271
unlink,3017876
unlink,3161784
unlink,3451341
unlink,3009408
unlink,3129120
unlink,3796478
unlink,3578700
unlink,3360618
unlink,3412367
unlink,3292451
unlink,3048465
unlink,3377643
unlink,3414049
unlink,2954156
unlink,3085724
unlink,4413687
unlink,3171950
unlink,3247109
unlink,3199708
unlink,3074811
unlink,3632238
unlink,4181968
unlink,3660988
unlink,3137654
unlink,3164607
unlink,3196205
unlink,3094314
unlink,3040727
unlink,3209259
unlink,3061043
unlink,3098392
unlink,12116887
unlink,3270855
unlink,3068608
unlink,3102052
unlink,3149305
unlink,3288667
unlink,3127340
unlink,3399567
unlink,3230839
unlink,3104497
unlink,3160973
unlink,3630383
unlink,3175209
unlink,3083574
unlink,3232775
unlink,3117929
unlink,3330727
unlink,3286756
unlink,2974775
unlink,2994656
unlink,3108436
unlink,3279125
unlink,3209464
unlink,3215298
unlink,2749095
unlink,3269706
unlink,3194408
unlink,3080292
unlink,3297127
unlink,3151208
unlink,3367527
unlink,2998504
unlink,3309262
unlink,3232029
unlink,3135077
unlink,3406575
unlink,3401454
unlink,3204747
unlink,4093263
unlink,3216825
unlink,3439305
unlink,3379834
unlink,3350592
unlink,3167348
unlink,2982430
unlink,4044435
unlink,3299219
unlink,3113071
unlink,3080965
unlink,3017909
unlink,3520403
unlink,3326410
unlink,3098827
unlink,3208710
unlink,2901290
unlink,3087348
unlink,3294944
unlink,2931518
unlink,3740380
unlink,3593051
unlink,3463878
unlink,3420523
unlink,3193776
unlink,3489412
unlink,3163910
unlink,3405844
unlink,3276606
unlink,3496896
unlink,3118462
unlink,3194629
unlink,3211491
unlink,3155212
unlink,3209473
unlink,4137423
unlink,3095931
unlink,3196738
unlink,3087923
unlink,3178458
unlink,3335248
unlink,3154081
unlink,3011772
unlink,3218145
unlink,3324590
unlink,3171417
unlink,3040785
unlink,2909578
unlink,3102159
unlink,3332926
unlink,3118577
unlink,3172591
unlink,3497257
unlink,3445918
unlink,3282760
unlink,3248430
unlink,3075115
unlink,3429475
unlink,3787986
unlink,3485130
unlink,3487107
unlink,4432247
unlink,3210769
unlink,3380859
unlink,3154466
unlink,3184710
unlink,3373812
unlink,3324590
unlink,3278017
unlink,3554848
unlink,3126117
unlink,2921615
unlink,3047931
unlink,3549769
unlink,3129842
unlink,3306784
unlink,3466767
unlink,3517802
unlink,3115393
unlink,3069543
unlink,4968144
unlink,3189141
unlink,3332368
unlink,3498184
unlink,3197723
unlink,3245559
unlink,3686038
unlink,3632894
unlink,3235967
unlink,3159061
unlink,3327486
unlink,3754017
unlink,4159339
unlink,3189354
unlink,3277255
unlink,2781611
unlink,3337775
unlink,3174765
unlink,3062742
unlink,3221764
unlink,3462180
unlink,3277804
unlink,3260360
unlink,3061092
unlink,3355432
unlink,3215856
unlink,3035689
unlink,3221387
unlink,3010762
unlink,3094889
unlink,3298309
unlink,3088677
unlink,3423477
unlink,3233095
unlink,3390336
unlink,3217210
unlink,3075032
unlink,3137285
unlink,3241193
unlink,3389064
unlink,3048686
unlink,3001122
unlink,5444677
unlink,3355768
unlink,2944629
unlink,2912187
unlink,3294124
unlink,3237968
unlink,2943941
unlink,3266883
unlink,3066524
unlink,2976908
unlink,3260992
unlink,3186564
unlink,3479000
unlink,3451653
unlink,3497470
unlink,7382957
unlink,3261723
unlink,2965823
unlink,2953910
unlink,3288028
unlink,3281882
unlink,3206420
unlink,3143487
unlink,3305439
unlink,3129686
unlink,3242990
unlink,3001220
unlink,3351945
unlink,9242001
unlink,3422181
unlink,3002533
unlink,2982069
unlink,4272019
unlink,2954648
unlink,2702342
unlink,3166913
unlink,2960753
unlink,3010189
unlink,2993474
unlink,3153678
unlink,3264709
unlink,3065318
unlink,3196213
unlink,3101305
unlink,3158995
unlink,3802173
unlink,3249620
unlink,3081072
unlink,3210548
unlink,3581465
unlink,3077806
unlink,3226842
unlink,3092747
unlink,2969121
unlink,3120021
unlink,3034984
unlink,2883600
unlink,3041203
unlink,2922927
unlink,3163951
unlink,3183422
unlink,3152546
unlink,3261304
unlink,3743737
unlink,3300286
unlink,3457520
unlink,3141846
unlink,3223281
unlink,3068518
unlink,3226383
unlink,3430870
unlink,3390427
unlink,3170121
unlink,3431370
unlink,3061839
unlink,3127915
unlink,3395973
unlink,2994139
unlink,3232463
unlink,3115746
unlink,3537347
unlink,3185629
unlink,3062487
unlink,3050467
unlink,3126995
unlink,2979879
unlink,3204189
unlink,3054791
unlink,3198428
unlink,2761632
unlink,2893119
unlink,2972454
unlink,3199733
unlink,3256241
unlink,3256914
unlink,3323638
unlink,3208529
unlink,3242482
unlink,3018853
unlink,4111700
unlink,3891870
unlink,3222429
unlink,3121686
unlink,2944179
unlink,2940560
unlink,3030783
unlink,2986484
unlink,3098286
unlink,3339933
unlink,3159685
unlink,3275605
unlink,3083557
unlink,3854086
unlink,3327420
unlink,2930328
unlink,2899805
unlink,2976761
unlink,3039135
unlink,3322768
unlink,7170126
unlink,3031611
unlink,3305866
unlink,4729623
unlink,3066598
unlink,3207257
unlink,3246723
unlink,3073351
unlink,3118519
unlink,3142921
unlink,3294928
unlink,3263544
unlink,3348244
unlink,3441642
unlink,3145088
unlink,3621145
unlink,4490610
unlink,3171023
unlink,4314972
unlink,3004133
unlink,8434598
unlink,3947665
unlink,3268311
unlink,3411883
unlink,3021905
unlink,4833146
unlink,3411785
unlink,3406221
unlink,3243704
unlink,3251802
unlink,2948847
unlink,3137571
unlink,3043854
unlink,3168816
unlink,3164574
unlink,3200324
unlink,3375904
unlink,3161957
unlink,4801253
unlink,4562683
unlink,3210440
unlink,3125387
unlink,3259589
unlink,3541916
unlink,3280971
unlink,3199257
unlink,3769385
unlink,3227318
unlink,3063332
unlink,2927867
unlink,2776278
unlink,3071775
unlink,3129712
unlink,3134355
unlink,3128718
unlink,2889541
unlink,2862760
unlink,3000794
unlink,3006840
unlink,3250456
unlink,3203720
unlink,3109617
unlink,2823654
unlink,2999071
unlink,3151726
unlink,3198150
unlink,3214584
unlink,3047645
unlink,3303355
unlink,3151848
unlink,3104834
unlink,3213452
unlink,3242563
unlink,3113982
unlink,2965298
unlink,3130663
unlink,2959850
unlink,3501097
unlink,3368741
unlink,3211401
unlink,2936499
unlink,3233128
unlink,3283433
unlink,3146868
unlink,3483841
unlink,3411522
unlink,3870570
unlink,3180188
unlink,2870768
unlink,2991923
unlink,3284967
unlink,3998159
unlink,3197953
unlink,3287150
unlink,3123090
unlink,3059689
unlink,3334369
unlink,3269451
unlink,3251655
unlink,3023160
unlink,3116526
unlink,3028830
unlink,3096915
unlink,3013208
unlink,3128571
unlink,3348762
unlink,3141108
unlink,3125157
unlink,3240463
unlink,3467686
unlink,2940864
unlink,3094462
unlink,3628709
unlink,3185120
unlink,3223266
unlink,3410767
unlink,3593445
unlink,3244590
unlink,3561633
unlink,3420588
unlink,3039849
unlink,3190592
unlink,3148140
unlink,2905877
unlink,2978606
unlink,3103135
unlink,2985803
unlink,3407468
unlink,3691503
unlink,3008678
unlink,3055431
unlink,3142486
unlink,3199192
unlink,4110765
unlink,3218170
unlink,2978172
unlink,3135857
unlink,3281529
unlink,3029413
unlink,3015645
unlink,3330825
unlink,3106622
unlink,3227253
unlink,3238961
unlink,3151110
unlink,2952417
unlink,3700151
unlink,3270026
unlink,3004527
unlink,3369471
unlink,3205510
unlink,3227787
unlink,3398541
unlink,3172944
unlink,2860930
unlink,3221403
unlink,3152325
unlink,3026844
unlink,3183479
unlink,3196820
unlink,3087725
unlink,3457626
unlink,2999218
unlink,3937145
unlink,3746953
unlink,2999275
unlink,2994844
unlink,4022643
unlink,3699897
unlink,3134101
unlink,3073851
unlink,3198568
unlink,2807121
unlink,3442841
unlink,3107181
unlink,3396219
unlink,3178507
unlink,3448904
unlink,2984843
unlink,3607827
unlink,3185637
unlink,3718259
unlink,3153908
unlink,3152111
unlink,3040613
unlink,3103890
unlink,3271043
unlink,2945869
unlink,2922123
unlink,3089441
unlink,2996617
unlink,2900831
unlink,3037035
unlink,3204762
unlink,3419661
unlink,3339605
unlink,3020313
unlink,2901184
unlink,3622080
unlink,3377980
unlink,3545773
unlink,3087767
unlink,3180197
unlink,2923076
unlink,3481347
unlink,3102462
unlink,3159413
unlink,3028436
unlink,2969868
unlink,3375936
unlink,3392823
unlink,3467677
unlink,3292475
unlink,3293779
unlink,3235728
unlink,3230765
unlink,3016063
unlink,3651856
unlink,3085273
unlink,4034375
unlink,3071923
unlink,3155056
unlink,3185185
unlink,2949430
unlink,3496715
unlink,3356252
unlink,3370505
unlink,3026106
unlink,3234318
unlink,3277254
unlink,3334748
unlink,3213001
unlink,3514208
unlink,3127725
unlink,3500908
unlink,3191963
unlink,3217759
unlink,3114597
unlink,3287634
unlink,3011436
unlink,2968876
unlink,3178630
unlink,3102815
unlink,3128669
unlink,3141723
unlink,3014783
unlink,3091672
unlink,3115516
unlink,3559624
unlink,3259097
unlink,3179303
unlink,3105597
unlink,3018754
unlink,3314711
unlink,3583919
unlink,3205542
unlink,3245205
unlink,3338808
unlink,3057039
unlink,3227368
unlink,3160012
unlink,3297973
unlink,3253583
unlink,2999357
unlink,3105678
unlink,3332278
unlink,3144439
unlink,3425347
unlink,3339022
unlink,3145236
unlink,3455747
unlink,3446180
unlink,3125453
unlink,3285008
unlink,3711810
unlink,3040884
unlink,3426783
unlink,3502623
unlink,2984515
unlink,2894070
unlink,3262427
unlink,3233448
unlink,3422000
unlink,3376954
unlink,3265152
unlink,3326156
unlink,2945508
unlink,3024227
unlink,3120858
unlink,3489494
unlink,3518861
unlink,3979369
unlink,3105096
unlink,2998233
unlink,3634281
unlink,3065539
unlink,3119963
unlink,3201957
unlink,3612800
unlink,3180361
unlink,3065678
unlink,3506947
unlink,3190150
unlink,3192538
unlink,2985466
unlink,3651364
unlink,3226416
unlink,4164770
unlink,3204771
unlink,3245936
unlink,3066803
unlink,3763305
unlink,3167708
unlink,3122384
unlink,3119668
unlink,3102995
unlink,3245993
unlink,3533129
unlink,3150297
unlink,3127931
unlink,3091164
unlink,3484383
unlink,3140493
unlink,3279995
unlink,3047611
unlink,3315818
unlink,3019624
unlink,3428630
unlink,3161169
unlink,3000949
unlink,4730419
unlink,2978541
unlink,3235811
unlink,3064727
unlink,3354546
unlink,3157608
unlink,2929450
unlink,3109945
unlink,3269985
unlink,3379695
unlink,3405130
unlink,3236697
unlink,3280192
unlink,3036830
unlink,3214502
unlink,3488223
unlink,3175553
unlink,3397459
unlink,3023661
unlink,2958841
unlink,3287691
unlink,3373212
unlink,3265972
unlink,3043616
