create,6857881
create,6341446
create,6843391
create,6965744
create,9279157
create,7127951
create,7563791
create,9323645
create,6418221
create,7079553
create,7101819
create,11279384
create,7718952
create,7524431
create,6975053
create,7325592
create,10469459
create,7922435
create,7116244
create,6532482
create,7808275
create,8555699
create,7710312
create,9497456
create,10149874
create,6860286
create,7992850
create,7231106
create,7394524
create,8759499
create,9433101
create,9660739
create,8646124
create,7835304
create,9588567
create,9595898
create,7416650
create,7995086
create,7321414
create,7163056
create,8961540
create,6801425
create,8734530
create,8456541
create,7359687
create,8022811
create,12389709
create,8079668
create,8652899
create,12471774
create,7432837
create,7300919
create,8100635
create,10044871
create,7488988
create,7124077
create,7170416
create,10154662
create,7423537
create,6905774
create,7339404
create,7500544
create,6355607
create,7626554
create,7724549
create,7271902
create,7924495
create,7330179
create,6686912
create,6740039
create,6902171
create,7476179
create,8501517
create,9046698
create,6937695
create,7316323
create,7656093
create,7461441
create,7667517
create,8632140
create,7024139
create,7408176
create,11239604
create,8006086
create,9027051
create,7850714
create,7003615
create,6423718
create,7096256
create,6822991
create,7173357
create,10258470
create,7418817
create,6330018
create,7279748
create,7481210
create,7453898
create,8003642
create,8072202
create,6691993
create,7768405
create,7385436
create,7509586
create,11585574
create,7258373
create,9650673
create,6842715
create,8477139
create,6827982
create,7222886
create,10741865
create,6388355
create,6708134
create,6830360
create,7983950
create,9798527
create,7795585
create,6142026
create,6904819
create,7122862
create,7417562
create,7462559
create,7773933
create,7820901
create,7130888
create,10443149
create,7441344
create,7741091
create,7224467
create,6534790
create,7644394
create,7270402
create,7006219
create,7508717
create,7898887
create,7313000
create,6789398
create,7312164
create,7012094
create,7005283
create,7150007
create,6570392
create,6088918
create,7009656
create,7193821
create,7325729
create,8370636
create,9817921
create,9129091
create,7448690
create,8138247
create,7305773
create,6948058
create,6269288
create,6913831
create,7600582
create,8180219
create,7332456
create,7035672
create,7106565
create,8360710
create,7536586
create,7461351
create,6934618
create,6975702
create,6175616
create,6885965
create,7973316
create,7864492
create,7051117
create,7341511
create,7555361
create,8089107
create,11613519
create,12172477
create,7449126
create,7925318
create,7293346
create,6673908
create,6789223
create,6404097
create,7004854
create,7311266
create,6921083
create,6378293
create,7042946
create,7601753
create,7920895
create,7205819
create,7280568
create,6405082
create,6873256
create,6886823
create,6963040
create,7542766
create,8253411
create,7397069
create,6826197
create,7563911
create,7946496
create,7542726
create,7312940
create,6502829
create,7571627
create,7330425
create,7665362
create,10430284
create,7611245
create,6355181
create,9832553
create,7060008
create,6690437
create,7775509
create,7103815
create,6647865
create,7251789
create,7501015
create,6959468
create,6645363
create,8023400
create,6629408
create,6086508
create,7794528
create,10413397
create,6877391
create,7624401
create,7319550
create,6665679
create,6880423
create,7471935
create,7368116
create,7330599
create,7128415
create,6116979
create,6930654
create,6458287
create,9602543
create,7610974
create,8795528
create,6744355
create,6401253
create,6410371
create,7507503
create,7157530
create,8726143
create,6467866
create,6785866
create,7221759
create,8037333
create,7543209
create,6515739
create,6037006
create,7098691
create,7176747
create,7045138
create,9660247
create,7626898
create,6954914
create,7355358
create,7448712
create,8611128
create,7236558
create,7140688
create,6434548
create,7296630
create,7370925
create,9203716
create,8154342
create,7993843
create,9800954
create,6818246
create,6981817
create,7660601
create,11795843
create,9112147
create,6255760
create,8471559
create,6669455
create,7779593
create,11883704
create,7592374
create,6596104
create,12747621
create,6808677
create,6923782
create,7061075
create,7416119
create,7657599
create,7432922
create,7111931
create,7821179
create,7608771
create,8245958
create,7362465
create,6314034
create,6558287
create,6927441
create,7118406
create,8698500
create,8319256
create,7127142
create,6417037
create,6953794
create,7354500
create,7292938
create,6578258
create,6611413
create,7477706
create,9005948
create,9159961
create,7366080
create,7325200
create,7591104
create,7998904
create,7808821
create,7836949
create,9384509
create,8690540
create,6862878
create,6834684
create,6984302
create,7251378
create,9354375
create,7739819
create,6220572
create,7937611
create,7597262
create,9125100
create,8679913
create,8584235
create,6254431
create,6820874
create,7105637
create,6897599
create,7076724
create,7041494
create,6191716
create,6539943
create,8290466
create,7939234
create,9896056
create,7751887
create,7808267
create,6720308
create,8076510
create,7188734
create,10963423
create,7965319
create,8015083
create,7728665
create,7555157
create,6752240
create,6702076
create,7963141
create,6372145
create,6955981
create,8298528
create,8577881
create,7780722
create,8756295
create,11056253
create,6489946
create,6627050
create,6709093
create,6840851
create,7170466
create,8311423
create,7678795
create,13289739
create,6530948
create,6926730
create,7276307
create,7998222
create,10249041
create,6771484
create,6904414
create,7241565
create,7868397
create,7494570
create,7539872
create,7357088
create,7126615
create,6978135
create,7124359
create,8023219
create,6359939
create,7292700
create,9092744
create,6866122
create,7431396
create,6892372
create,6375923
create,7077975
create,6682317
create,6720537
create,6853854
create,7091502
create,11108053
create,7698361
create,7467924
create,7724999
create,11189101
create,14343493
create,7305241
create,6640269
create,7002309
create,7614342
create,7840657
create,6925177
create,8503887
create,6593051
create,7106996
create,7264951
create,7146441
create,7021761
create,6246636
create,6083479
create,7590477
create,7896145
create,7633833
create,6990008
create,6304750
create,7239496
create,7878752
create,6959536
create,7098175
create,12068184
create,7661460
create,10835392
create,6824342
create,7036946
create,6925824
create,6881508
create,6744794
create,6398118
create,6047289
create,6977412
create,7106382
create,7203644
create,7606913
create,6277045
create,6665654
create,6785901
create,6997577
create,7359160
create,7900304
create,5962283
create,6525832
create,7288874
create,11171010
create,10682348
create,7431249
create,7215420
create,6753581
create,6929942
create,7491559
create,7212146
create,7374425
create,7351978
create,7156002
create,6307998
create,6813397
create,9218839
create,7350216
create,6502733
create,6284599
create,8707509
create,7456857
create,8476708
create,7350374
create,6229921
create,6640452
create,7570922
create,8302404
create,8863594
create,9565619
create,9163896
create,6811736
create,7739576
create,10007596
create,7626033
create,7139578
create,7053685
create,5993645
create,7137196
create,6984288
create,10372044
create,7282843
create,10656824
create,6756516
create,6801157
create,6973862
create,8208344
create,7218362
create,7077742
create,6505741
create,6411918
create,6257131
create,9486584
create,8572104
create,6995345
create,9471756
create,6966277
create,6915922
create,7144408
create,7797596
create,7778792
create,6659311
create,7373342
create,7816906
create,7825581
create,7159393
create,7463008
create,6250714
create,6644707
create,6702523
create,6801832
create,7275181
create,7585001
create,6422297
create,6980217
create,6843505
create,7965775
create,9145348
create,7166433
create,6194754
create,6520298
create,7362376
create,8975751
create,8363312
create,7538623
create,7067563
create,6787651
create,6981538
create,8705855
create,7169267
create,6796107
create,7170817
create,6963751
create,9449740
create,7289840
create,8026977
create,7037063
create,7649187
create,7127687
create,7778001
create,7092796
create,7215236
create,17519225
create,7373941
create,7095675
create,6979275
create,6645644
create,7132598
create,7586473
create,6592206
create,6765929
create,6700206
create,7553612
create,7154526
create,6958335
create,6156756
create,6261352
create,6820867
create,7140439
create,7169569
create,7547833
create,8094389
create,8560600
create,10202142
create,6775808
create,7080559
create,8447315
create,7875167
create,6841864
create,6332993
create,6311069
create,7187772
create,8348306
create,7302853
create,6216874
create,6671995
create,5990537
create,7277676
create,7378957
create,7044990
create,6890853
create,6423469
create,6946479
create,8550574
create,7774178
create,7074547
create,7248402
create,6525340
create,7392234
create,7041673
create,6865985
create,7274580
create,9615409
create,6840842
create,7448188
create,6876372
create,7834356
create,7235814
create,6752965
create,6149558
create,6952149
create,7618688
create,8035986
create,7471605
create,6199803
create,6432983
create,7043665
create,6968963
create,7443058
create,7627291
create,6312453
create,6146491
create,6837450
create,7211793
create,7462253
create,7044364
create,16235293
create,6442332
create,6822708
create,6789721
create,7261553
create,7055125
create,8071679
create,6383500
create,6577902
create,6543755
create,7395297
create,7741307
create,7160921
create,6735068
create,6550438
create,9190000
create,8177683
create,8371736
create,7580412
create,6458471
create,7404384
create,6525093
create,7432048
create,7604746
create,7314997
create,6434018
create,7042627
create,7693857
create,7224696
create,7330281
create,7151801
create,6405791
create,6774689
create,8662159
create,6803074
create,7353981
create,7243855
create,7309640
create,6895696
create,7005891
create,6995407
create,7615743
create,7584704
create,6869844
create,6542683
create,6875739
create,13224453
create,8942232
create,7221713
create,6440257
create,7415111
create,7643038
create,6832842
create,7227160
create,8994775
create,7274674
create,6677112
create,7465070
create,8106914
create,7328829
create,7876796
create,7474506
create,7166101
create,6998529
create,6403565
create,6996323
create,7840020
create,8214197
create,6958529
create,8445925
create,6558449
create,7544890
create,7563741
create,7069354
create,6478840
create,6726700
create,7835983
create,7897784
create,7577134
create,6243466
create,5912003
create,6917403
create,6889123
create,7696222
create,7116223
create,7508197
create,6637470
create,10730955
create,8243889
create,7898622
create,11352017
create,7199182
create,6620838
create,7018383
create,7096854
create,7913446
create,8129181
create,7709477
create,6709032
create,6809823
create,8091835
create,7919343
create,7244199
create,7746679
create,6773185
create,6470837
create,7250322
create,7627568
create,9627547
create,8171086
create,9070168
create,11061969
create,7648169
create,7364574
create,12306442
create,7717594
create,8045637
create,7843149
create,6952882
create,7530575
create,7693170
create,8512435
create,7888316
create,7421331
create,7274069
create,7543809
create,8389889
create,8807542
create,7741660
create,7377230
create,7376761
create,7518704
create,7658862
create,7683757
create,8500979
create,6844495
create,7768356
create,8466119
create,9982792
create,7533985
create,7802157
create,6412127
create,7962429
create,7447282
create,8875550
create,8029295
create,8483231
create,7878619
create,7570434
create,7336867
create,8193277
create,8344395
create,8041062
create,7815659
create,7477461
create,8958382
create,7866836
create,12975439
create,7793255
create,7810286
create,6468397
create,7473016
create,7061736
create,6827895
create,8072808
create,7337964
create,7180614
create,7417228
create,7983369
create,8703415
create,7379435
create,10101692
create,7347181
create,7111552
create,6585439
create,7708109
create,8674930
create,9143375
create,7951842
create,7319810
create,7682649
create,7126010
create,9138394
create,6970113
create,7340701
create,7305515
create,7514949
create,9430546
create,8716061
create,10542643
create,6839698
create,7252711
create,6578787
create,7741003
create,7531323
create,7418768
create,7101135
create,7577581
create,8692554
create,7390306
create,8360600
create,7800694
create,6723875
create,7048961
create,7253107
create,8828495
create,7613425
create,7883760
create,7941354
create,7490187
create,8977776
create,13096667
create,7534231
create,7744925
create,6733010
create,6812698
create,7396244
create,7732855
create,9186944
create,7920859
create,7170254
create,6978750
create,7414680
create,8957266
create,7585169
create,7854889
create,8698104
create,8451668
create,8240387
create,7838612
create,7683350
create,7580578
create,7164202
create,7316013
create,7546430
create,7390221
create,7768386
create,7911732
create,7563357
create,6893162
create,6267665
create,7255495
create,7099599
create,7286135
create,7239960
create,6852005
create,7330081
create,7210105
create,6635086
create,8248472
create,8269409
create,8063728
create,7182069
create,8104171
create,7735185
create,7217244
create,7282659
create,6436705
create,6512005
create,7645691
create,7813033
create,7148886
create,8085703
create,6339097
create,6423787
create,6403169
create,7023938
create,6972810
create,8148161
create,7222050
create,6783372
create,6560455
create,6918177
create,7202907
create,8664505
create,6996964
create,7462391
create,7722552
create,7671950
create,7614403
create,8137049
create,6265699
create,6910854
create,6562401
create,6664432
create,6948615
create,6779686
create,6304518
create,6921506
create,7640743
create,6999103
create,7102582
create,7193209
create,6502020
create,22699741
create,6873091
create,15595972
create,7343608
create,8125898
create,9479932
create,6933800
create,7029809
create,7222301
create,6630333
create,6920551
create,6401066
create,6771304
create,6809919
create,10392290
create,7434386
create,7849420
create,7899882
create,6278119
create,6866985
create,7025427
create,7949112
create,7939397
create,7228587
create,6492872
create,7221010
create,8983949
create,7443635
create,7307386
create,9472149
create,8601642
create,7075450
create,8174638
create,7976840
create,9274990
create,6866945
create,7267667
create,8122434
create,7559154
create,7756915
create,7418607
create,7772202
create,6789790
create,7413069
create,7209843
create,7872668
create,8838625
create,7831355
create,7231130
create,7343388
create,7033884
create,7008980
create,9166762
create,9938646
create,7283205
create,6874583
create,8475720
create,8497667
create,7937661
create,6376365
create,6291265
create,6206151
create,7211936
create,7168615
create,7118124
create,7222568
create,7504878
create,6741474
create,7054407
create,7417265
create,7811754
create,7582140
create,7721031
create,8994388
create,7846930
create,7488405
create,7493073
create,8073454
create,8226518
create,7056582
create,7009483
create,8748380
create,8587036
create,7938940
stat,1277594
stat,1193500
stat,1183988
stat,1225044
stat,1216576
stat,1283062
stat,1223261
stat,1202318
stat,1211561
stat,1174754
stat,1221800
stat,1190144
stat,1265790
stat,1245958
stat,1165588
stat,1209312
stat,1205286
stat,1178997
stat,1287923
stat,1124075
stat,1201004
stat,1191569
stat,1192405
stat,1197507
stat,1190563
stat,1168168
stat,1166720
stat,1177191
stat,1231165
stat,1289193
stat,1192169
stat,1226698
stat,1206079
stat,1183606
stat,1270128
stat,1227501
stat,1269405
stat,1241949
stat,1227226
stat,1215949
stat,1211789
stat,1258870
stat,1253511
stat,1181737
stat,1177201
stat,1167660
stat,1182759
stat,1190792
stat,1188314
stat,1284728
stat,1192826
stat,1245465
stat,1204560
stat,1153582
stat,1175969
stat,1198610
stat,1192469
stat,1211065
stat,1177294
stat,1174029
stat,1240308
stat,1188993
stat,1197041
stat,1158336
stat,1165994
stat,1169250
stat,1180986
stat,1180815
stat,1163973
stat,1190468
stat,1222573
stat,1182763
stat,1178785
stat,1213520
stat,1204745
stat,1203255
stat,1155329
stat,1185601
stat,1207978
stat,1170783
stat,1158504
stat,1163854
stat,1143794
stat,1209640
stat,1151200
stat,1202252
stat,1248989
stat,1178968
stat,1198062
stat,1185249
stat,1194707
stat,1185984
stat,1174892
stat,1184393
stat,1176572
stat,1146176
stat,1191425
stat,1130021
stat,1176315
stat,1170369
stat,1133308
stat,1173274
stat,1239531
stat,1369389
stat,1258234
stat,1193979
stat,1197787
stat,1223099
stat,1174241
stat,1160303
stat,1207157
stat,1175861
stat,1221184
stat,1191144
stat,1228402
stat,1177468
stat,1234788
stat,1212339
stat,1182995
stat,1174129
stat,1249256
stat,1215444
stat,1229762
stat,1205149
stat,1199999
stat,1248350
stat,1215004
stat,1232061
stat,1191634
stat,1187196
stat,1172829
stat,1185381
stat,1199971
stat,1176899
stat,1203183
stat,1179652
stat,1164301
stat,1204280
stat,1204770
stat,1197276
stat,1169951
stat,1212861
stat,1186986
stat,1173917
stat,1169395
stat,1215131
stat,1180954
stat,1134780
stat,1137898
stat,1179123
stat,1215928
stat,1179088
stat,1225438
stat,1215500
stat,1247080
stat,1216487
stat,1233795
stat,1177355
stat,1207879
stat,1221585
stat,1209048
stat,1221614
stat,1267339
stat,1204698
stat,1182142
stat,1161958
stat,1189065
stat,1173481
stat,1202236
stat,1222893
stat,1308109
stat,1192626
stat,1202191
stat,1174777
stat,1170879
stat,1184184
stat,1189818
stat,1203236
stat,1208612
stat,1185710
stat,1195059
stat,1148720
stat,1184816
stat,1212211
stat,1131756
stat,1132748
stat,1182375
stat,1224389
stat,1222925
stat,1195622
stat,1207298
stat,1216354
stat,1211660
stat,1269555
stat,1187646
stat,1260826
stat,1195590
stat,1156642
stat,1141155
stat,1233848
stat,1206149
stat,1198290
stat,1172380
stat,1250046
stat,1222836
stat,1191243
stat,1183438
stat,1200767
stat,1198740
stat,1125651
stat,1220646
stat,1176429
stat,1152460
stat,1205586
stat,1184912
stat,1190578
stat,1239127
stat,1168335
stat,1150629
stat,1206196
stat,1299914
stat,1251182
stat,1239961
stat,1247318
stat,1228787
stat,1169845
stat,1228322
stat,1163410
stat,1172247
stat,1185029
stat,1172985
stat,1159767
stat,1188224
stat,1218891
stat,1164165
stat,1176174
stat,1158736
stat,1337194
stat,1255302
stat,1178709
stat,1174431
stat,1252688
stat,1212232
stat,1211596
stat,1148383
stat,1202375
stat,1200782
stat,1196210
stat,1174353
stat,1202659
stat,1170140
stat,1167839
stat,1165195
stat,1177357
stat,1213496
stat,1225980
stat,1169854
stat,1150467
stat,1180660
stat,1197243
stat,1221384
stat,1138594
stat,1190244
stat,1160670
stat,1203379
stat,1217380
stat,1188580
stat,1173612
stat,1173335
stat,1162476
stat,1213168
stat,1141627
stat,1171801
stat,1177651
stat,1167917
stat,1171795
stat,1179402
stat,1201267
stat,1137501
stat,1194581
stat,1201563
stat,1220535
stat,1231350
stat,982039
stat,1210677
stat,1234178
stat,1214582
stat,1216932
stat,1241494
stat,975949
stat,1181040
stat,1179126
stat,1184869
stat,1244151
stat,1171500
stat,1174014
stat,1229305
stat,1230683
stat,1008566
stat,1235556
stat,1265254
stat,1203083
stat,1285764
stat,1030285
stat,1545239
stat,1195253
stat,1293674
stat,1281655
stat,1198409
stat,1338279
stat,1040449
stat,1181241
stat,1169380
stat,1186017
stat,1188906
stat,1188589
stat,1167443
stat,1182908
stat,1158012
stat,1212498
stat,1322486
stat,1201143
stat,1194264
stat,1189113
stat,1212805
stat,1238773
stat,1165412
stat,1227828
stat,1179356
stat,1194375
stat,1236194
stat,1232254
stat,1190790
stat,1204249
stat,1154640
stat,1196948
stat,1180964
stat,1166115
stat,986324
stat,1190410
stat,1263632
stat,1197763
stat,1304371
stat,1183883
stat,1180303
stat,1182276
stat,1185394
stat,1202589
stat,1025098
stat,1216657
stat,1035439
stat,1233395
stat,1162209
stat,1195141
stat,1217048
stat,1152157
stat,1167114
stat,1043610
stat,1168916
stat,1239036
stat,1148583
stat,1203843
stat,1181682
stat,1187941
stat,1148155
stat,1205024
stat,1226638
stat,1185833
stat,1187608
stat,1189508
stat,1296123
stat,1356105
stat,1354908
stat,1247679
stat,1190980
stat,1208854
stat,1250730
stat,1303447
stat,1251493
stat,1022924
stat,1209487
stat,1298909
stat,1265626
stat,1316778
stat,1268924
stat,994467
stat,1233916
stat,1283248
stat,1042482
stat,1249338
stat,1246418
stat,1056473
stat,1155298
stat,1230642
stat,1111399
stat,1274005
stat,1260793
stat,1195490
stat,1198378
stat,1100477
stat,1150466
stat,1232137
stat,1030670
stat,1176623
stat,1206174
stat,1060588
stat,1292304
stat,1269494
stat,1229620
stat,1231493
stat,1215391
stat,1256325
stat,960809
stat,1231805
stat,989000
stat,1162414
stat,1215192
stat,1154404
stat,1234487
stat,1171994
stat,1057402
stat,1265906
stat,1119580
stat,1164137
stat,1236456
stat,1200371
stat,1193429
stat,1205084
stat,1162722
stat,1040525
stat,1015755
stat,1261028
stat,1179719
stat,1249584
stat,1166155
stat,1212845
stat,1141135
stat,1175791
stat,1409794
stat,1257449
stat,1197055
stat,1170487
stat,1205372
stat,1196622
stat,1189535
stat,1182768
stat,1253154
stat,1215065
stat,1195258
stat,1202820
stat,1223832
stat,1200420
stat,1228138
stat,1202324
stat,1178022
stat,1167572
stat,1179662
stat,1265714
stat,1203861
stat,1223590
stat,1160819
stat,1201448
stat,1227062
stat,1242319
stat,1235565
stat,1196203
stat,1190638
stat,1253690
stat,1059004
stat,1147103
stat,1191735
stat,1226262
stat,1238958
stat,1208194
stat,1183375
stat,1229259
stat,1146251
stat,1224075
stat,1255220
stat,1284499
stat,1158549
stat,1202076
stat,1168249
stat,1246053
stat,1195483
stat,1135690
stat,1258473
stat,1209463
stat,1263309
stat,1266321
stat,1242200
stat,1149396
stat,1173784
stat,1161354
stat,1172687
stat,1166504
stat,1126051
stat,1279999
stat,1192849
stat,1243209
stat,1223693
stat,1162658
stat,1189787
stat,1195840
stat,1388417
stat,1196745
stat,1216931
stat,1176022
stat,1196240
stat,1208104
stat,1196539
stat,1199982
stat,1340355
stat,1234484
stat,1251457
stat,1066909
stat,1061599
stat,1152509
stat,1054567
stat,1071621
stat,1128285
stat,1064391
stat,1063986
stat,1052841
stat,1069451
stat,1035576
stat,1039565
stat,1089840
stat,1042811
stat,1030528
stat,1025835
stat,1096535
stat,1095534
stat,1058418
stat,1071963
stat,1089567
stat,1111845
stat,1006778
stat,1073447
stat,1070063
stat,1065542
stat,1091735
stat,1070040
stat,1075807
stat,1062671
stat,1089181
stat,1078248
stat,1056915
stat,1066371
stat,1054847
stat,1054012
stat,1066572
stat,1106831
stat,1070746
stat,1042637
stat,1073174
stat,1041014
stat,1079661
stat,1073726
stat,1098951
stat,1036463
stat,1103651
stat,1103301
stat,1083958
stat,1097498
stat,1060042
stat,1067931
stat,1056150
stat,1079625
stat,1034691
stat,1098946
stat,1036551
stat,1091526
stat,1103578
stat,1010874
stat,995285
stat,1108451
stat,1433221
stat,1236500
stat,1215860
stat,1199102
stat,1200057
stat,1224363
stat,1188703
stat,1212737
stat,1163649
stat,1206058
stat,1199759
stat,1206189
stat,1262420
stat,1209852
stat,1209439
stat,1250389
stat,1147884
stat,1194137
stat,1179696
stat,1246395
stat,1203168
stat,1167317
stat,1181786
stat,1203001
stat,1211648
stat,1219075
stat,1161450
stat,1168638
stat,1201607
stat,1178100
stat,1185952
stat,1166201
stat,1201240
stat,1240991
stat,1240785
stat,1218954
stat,1203902
stat,1178462
stat,1258366
stat,1233586
stat,1237887
stat,1223353
stat,1182801
stat,1212956
stat,1176431
stat,1173454
stat,1227215
stat,1184021
stat,1305698
stat,1226142
stat,1219848
stat,1216457
stat,1189918
stat,1213368
stat,1177258
stat,1211740
stat,1194813
stat,1189831
stat,1188890
stat,1254403
stat,1148127
stat,1232946
stat,1182340
stat,1084977
stat,1083140
stat,1110842
stat,1024246
stat,1070417
stat,1115244
stat,1057030
stat,1046063
stat,1099529
stat,1054851
stat,1047384
stat,1048382
stat,1013764
stat,1093927
stat,1072923
stat,1027782
stat,1020015
stat,1076994
stat,1076390
stat,1099190
stat,1055628
stat,1022175
stat,1031484
stat,1095399
stat,1072920
stat,1022653
stat,1095686
stat,1052857
stat,1043175
stat,1092268
stat,1049815
stat,1062210
stat,1074647
stat,1091101
stat,1079558
stat,999475
stat,1066068
stat,1063719
stat,1035173
stat,1072682
stat,1049491
stat,1061921
stat,1179531
stat,1087920
stat,1068289
stat,1148427
stat,1041409
stat,1079275
stat,1065023
stat,1044524
stat,1002673
stat,1081465
stat,1064283
stat,1080103
stat,1062897
stat,1097852
stat,1025618
stat,1067452
stat,1048819
stat,1045811
stat,1084463
stat,1086087
stat,1015565
stat,1015366
stat,930741
stat,974947
stat,1048494
stat,995003
stat,971802
stat,1028455
stat,994497
stat,1036591
stat,1072400
stat,1105302
stat,1003511
stat,1067754
stat,1008461
stat,987360
stat,1046883
stat,1043095
stat,1081408
stat,1010708
stat,1007641
stat,973849
stat,969604
stat,1014495
stat,989716
stat,1011794
stat,2886
stat,2210
stat,2110
stat,2083
stat,1818
stat,1892
stat,2165
stat,1970
stat,1939
stat,2498
stat,1874
stat,1949
stat,1965
stat,1831
stat,2061
stat,1924
stat,1923
stat,1587
stat,1924
stat,1669
stat,1783
stat,2000
stat,3271
stat,1909
stat,1851
stat,1770
stat,1740
stat,1934
stat,1869
stat,1898
stat,2063
stat,2200
stat,1882
stat,1772
stat,1813
stat,1992
stat,2053
stat,1883
stat,1856
stat,1926
stat,1760
stat,1790
stat,1795
stat,2053
stat,1791
stat,1792
stat,2145
stat,1809
stat,1759
stat,1952
stat,1871
stat,1849
stat,1665
stat,1758
stat,1749
stat,1906
stat,2247
stat,1893
stat,2080
stat,1654
stat,1814
stat,1876
stat,1911
stat,1554
stat,1791
stat,1696
stat,1697
stat,1787
stat,1655
stat,1672
stat,1752
stat,1671
stat,2811
stat,1800
stat,1665
stat,1681
stat,1817
stat,1806
stat,1886
stat,1775
stat,1776
stat,2000
stat,2080
stat,1744
stat,1775
stat,1817
stat,1726
stat,1928
stat,1887
stat,1795
stat,1997
stat,2114
stat,1687
stat,1972
stat,1573
stat,1682
stat,1462
stat,1770
stat,1842
stat,1819
stat,1780
stat,1776
stat,1748
stat,1799
stat,1818
stat,1783
stat,1844
stat,1768
stat,1802
stat,1955
stat,1792
stat,1444
stat,1528
stat,1760
stat,1584
stat,1829
stat,1740
stat,1654
stat,1555
stat,1766
stat,1689
stat,1575
stat,2726
stat,1676
stat,1919
stat,1765
stat,1576
stat,1977
stat,1853
stat,1640
stat,1891
stat,1594
stat,1598
stat,1601
stat,1737
stat,1630
stat,1733
stat,1478
stat,1687
stat,1895
stat,1918
stat,1812
stat,1660
stat,1541
stat,1649
stat,1743
stat,1785
stat,1734
stat,1876
stat,1891
stat,1721
stat,1682
stat,2041
stat,1871
stat,1917
stat,1636
stat,1807
stat,1587
stat,1765
stat,1677
stat,1871
stat,1675
stat,1688
stat,1660
stat,1730
stat,1916
stat,1884
stat,1691
stat,1789
stat,1791
stat,1633
stat,2048
stat,2830
stat,1783
stat,1598
stat,1814
stat,1733
stat,1740
stat,1794
stat,1853
stat,1555
stat,1686
stat,1934
stat,1861
stat,1855
stat,1740
stat,1710
stat,1593
stat,1685
stat,1685
stat,1894
stat,1719
stat,1887
stat,1974
stat,1618
stat,1763
stat,1785
stat,1619
stat,1902
stat,1458
stat,1558
stat,1705
stat,1726
stat,1808
stat,1702
stat,1666
stat,1798
stat,1879
stat,1621
stat,1341
stat,1670
stat,1686
stat,1461
stat,1758
stat,1666
stat,1674
stat,1555
stat,1653
stat,1614
stat,1643
stat,1594
stat,1866
stat,3080
stat,1994
stat,1582
stat,1695
stat,1769
stat,1777
stat,1845
stat,1828
stat,1542
stat,1753
stat,1794
stat,1651
stat,1675
stat,1677
stat,1667
stat,1713
stat,1568
stat,1770
stat,1606
stat,1640
stat,1438
stat,1657
stat,1452
stat,1922
stat,1791
stat,1570
stat,1585
stat,1539
stat,1672
stat,1807
stat,1570
stat,1578
stat,1581
stat,1661
stat,1547
stat,1678
stat,1696
stat,1565
stat,1657
stat,1550
stat,1878
stat,1670
stat,1724
stat,1533
stat,1503
stat,1459
stat,1748
stat,1648
stat,1780
stat,1704
open_read,900168
open_read,805905
open_read,833490
open_read,813162
open_read,750852
open_read,836426
open_read,792328
open_read,836672
open_read,817383
open_read,789646
open_read,730367
open_read,828466
open_read,806607
open_read,797433
open_read,824756
open_read,822364
open_read,797011
open_read,822980
open_read,800806
open_read,774365
open_read,794320
open_read,796920
open_read,816136
open_read,816034
open_read,827887
open_read,801719
open_read,815161
open_read,808397
open_read,787100
open_read,793762
open_read,799331
open_read,787280
open_read,812279
open_read,776583
open_read,786239
open_read,755960
open_read,740020
open_read,827965
open_read,804974
open_read,839828
open_read,834370
open_read,790528
open_read,790787
open_read,797000
open_read,783647
open_read,822406
open_read,862147
open_read,851808
open_read,809769
open_read,813500
open_read,773601
open_read,826740
open_read,805862
open_read,797462
open_read,806397
open_read,841060
open_read,815179
open_read,791576
open_read,780503
open_read,790619
open_read,803700
open_read,855908
open_read,822507
open_read,820614
open_read,811951
open_read,803908
open_read,802675
open_read,799303
open_read,788770
open_read,772105
open_read,786305
open_read,863520
open_read,848857
open_read,762365
open_read,952025
open_read,857111
open_read,877718
open_read,809825
open_read,827816
open_read,870813
open_read,795509
open_read,807820
open_read,758240
open_read,780872
open_read,777616
open_read,803200
open_read,834129
open_read,820886
open_read,1044491
open_read,784334
open_read,801615
open_read,820874
open_read,817715
open_read,794976
open_read,788105
open_read,859004
open_read,859224
open_read,793854
open_read,838611
open_read,811759
open_read,851822
open_read,856904
open_read,831191
open_read,825654
open_read,800424
open_read,825950
open_read,837145
open_read,808271
open_read,786489
open_read,804663
open_read,876351
open_read,789033
open_read,787874
open_read,802356
open_read,784317
open_read,803602
open_read,806662
open_read,785392
open_read,806344
open_read,784342
open_read,821860
open_read,778748
open_read,783559
open_read,808388
open_read,819829
open_read,798917
open_read,787294
open_read,797278
open_read,788046
open_read,800594
open_read,789404
open_read,767451
open_read,760362
open_read,784204
open_read,799065
open_read,779440
open_read,773123
open_read,835715
open_read,810408
open_read,787735
open_read,771073
open_read,792067
open_read,781627
open_read,813718
open_read,838297
open_read,793251
open_read,760503
open_read,766912
open_read,843571
open_read,773607
open_read,830592
open_read,788763
open_read,770203
open_read,777109
open_read,792354
open_read,786456
open_read,815561
open_read,757711
open_read,825798
open_read,755266
open_read,756250
open_read,776031
open_read,778886
open_read,963129
open_read,753298
open_read,772534
open_read,820874
open_read,761429
open_read,775343
open_read,819631
open_read,779762
open_read,792462
open_read,851952
open_read,780931
open_read,794695
open_read,801320
open_read,756669
open_read,764742
open_read,783830
open_read,784132
open_read,763184
open_read,747292
open_read,797825
open_read,784746
open_read,763507
open_read,776942
open_read,790436
open_read,786008
open_read,1263669
open_read,787581
open_read,792081
open_read,774703
open_read,795741
open_read,757376
open_read,804825
open_read,876398
open_read,794018
open_read,803239
open_read,815945
open_read,774810
open_read,866929
open_read,831086
open_read,803341
open_read,755970
open_read,791135
open_read,788965
open_read,830268
open_read,831989
open_read,789585
open_read,767129
open_read,792245
open_read,790006
open_read,814807
open_read,784709
open_read,808614
open_read,825286
open_read,777919
open_read,789531
open_read,797828
open_read,768846
open_read,807339
open_read,782712
open_read,778133
open_read,797634
open_read,804492
open_read,810553
open_read,770314
open_read,787044
open_read,800212
open_read,819159
open_read,826454
open_read,815852
open_read,774253
open_read,803301
open_read,754564
open_read,804958
open_read,776919
open_read,824057
open_read,786642
open_read,788804
open_read,792814
open_read,820203
open_read,790562
open_read,790076
open_read,814079
open_read,815084
open_read,800733
open_read,832981
open_read,806189
open_read,842691
open_read,841544
open_read,811770
open_read,817730
open_read,794812
open_read,759764
open_read,815385
open_read,848220
open_read,850702
open_read,779167
open_read,777883
open_read,814263
open_read,831184
open_read,776821
open_read,805682
open_read,813978
open_read,831030
open_read,848406
open_read,823705
open_read,779857
open_read,829953
open_read,850324
open_read,817203
open_read,794095
open_read,811031
open_read,820346
open_read,805763
open_read,812665
open_read,774975
open_read,813112
open_read,813614
open_read,807018
open_read,812581
open_read,811452
open_read,836239
open_read,827904
open_read,862353
open_read,847605
open_read,894229
open_read,776224
open_read,801636
open_read,801545
open_read,775224
open_read,838820
open_read,810223
open_read,789840
open_read,785607
open_read,806417
open_read,789477
open_read,815463
open_read,814089
open_read,835714
open_read,787031
open_read,777850
open_read,765627
open_read,776211
open_read,833852
open_read,765982
open_read,826616
open_read,826090
open_read,837185
open_read,836315
open_read,813668
open_read,798435
open_read,801211
open_read,818425
open_read,809662
open_read,782965
open_read,796396
open_read,769466
open_read,807212
open_read,800360
open_read,800793
open_read,803070
open_read,842546
open_read,781711
open_read,816376
open_read,798311
open_read,836374
open_read,798626
open_read,804822
open_read,776232
open_read,864358
open_read,782384
open_read,806976
open_read,795758
open_read,828807
open_read,765276
open_read,803822
open_read,780781
open_read,791220
open_read,815028
open_read,781399
open_read,830670
open_read,760339
open_read,818159
open_read,803717
open_read,777527
open_read,798941
open_read,777225
open_read,856631
open_read,869619
open_read,821341
open_read,769258
open_read,777077
open_read,819357
open_read,800975
open_read,783106
open_read,808634
open_read,808339
open_read,805090
open_read,765049
open_read,826682
open_read,787580
open_read,806579
open_read,847942
open_read,784470
open_read,766754
open_read,763675
open_read,765135
open_read,769995
open_read,813852
open_read,802085
open_read,793039
open_read,821494
open_read,813570
open_read,764720
open_read,822194
open_read,759874
open_read,798798
open_read,806386
open_read,802421
open_read,796866
open_read,799962
open_read,792116
open_read,783177
open_read,774947
open_read,842137
open_read,794347
open_read,825420
open_read,805739
open_read,793701
open_read,776030
open_read,859029
open_read,758191
open_read,855437
open_read,774915
open_read,814345
open_read,806232
open_read,820639
open_read,871606
open_read,780829
open_read,785362
open_read,836315
open_read,836861
open_read,864565
open_read,761022
open_read,809321
open_read,771963
open_read,833896
open_read,785496
open_read,799814
open_read,801529
open_read,812696
open_read,830355
open_read,802679
open_read,817108
open_read,786030
open_read,800522
open_read,804964
open_read,808889
open_read,829772
open_read,856253
open_read,840777
open_read,893288
open_read,841578
open_read,794012
open_read,798943
open_read,802914
open_read,799665
open_read,786679
open_read,760290
open_read,797076
open_read,811416
open_read,804636
open_read,791469
open_read,772238
open_read,794611
open_read,780990
open_read,822417
open_read,827130
open_read,762621
open_read,850076
open_read,846894
open_read,820592
open_read,809133
open_read,834226
open_read,789905
open_read,786636
open_read,861482
open_read,800461
open_read,808726
open_read,811346
open_read,836722
open_read,801705
open_read,799820
open_read,785611
open_read,822464
open_read,814879
open_read,778745
open_read,818299
open_read,827587
open_read,797553
open_read,821468
open_read,819406
open_read,807428
open_read,811446
open_read,797610
open_read,821353
open_read,792282
open_read,816030
open_read,802817
open_read,802187
open_read,810408
open_read,817043
open_read,804364
open_read,833472
open_read,808637
open_read,785055
open_read,814150
open_read,797031
open_read,795287
open_read,826300
open_read,814764
open_read,819256
open_read,813180
open_read,827095
open_read,863071
open_read,808413
open_read,852949
open_read,778850
open_read,831794
open_read,811525
open_read,817598
open_read,847917
open_read,803546
open_read,787144
open_read,787337
open_read,766594
open_read,824027
open_read,796037
open_read,781040
open_read,758760
open_read,765088
open_read,772145
open_read,783155
open_read,839251
open_read,796428
open_read,811908
open_read,769529
open_read,781432
open_read,811946
open_read,780637
open_read,823791
open_read,782232
open_read,780742
open_read,805863
open_read,791098
open_read,766912
open_read,815555
open_read,776847
open_read,817433
open_read,766044
open_read,764119
open_read,794734
open_read,764108
open_read,779643
open_read,805237
open_read,769578
open_read,792216
open_read,775117
open_read,784239
open_read,821475
open_read,754596
open_read,817482
open_read,794437
open_read,790457
open_read,915771
open_read,782963
open_read,804921
open_read,821088
open_read,795114
open_read,783030
open_read,778435
open_read,797348
open_read,774140
open_read,753688
open_read,816948
open_read,799567
open_read,771940
open_read,786770
open_read,798905
open_read,776036
open_read,772375
open_read,789689
open_read,774519
open_read,773018
open_read,810610
open_read,969088
open_read,1168676
open_read,894335
open_read,835034
open_read,757326
open_read,788935
open_read,805257
open_read,789129
open_read,782538
open_read,789609
open_read,822994
open_read,771335
open_read,807805
open_read,802487
open_read,808680
open_read,790441
open_read,800962
open_read,790145
open_read,764229
open_read,813990
open_read,772082
open_read,781724
open_read,774464
open_read,805784
open_read,781763
open_read,737692
open_read,814096
open_read,812337
open_read,825304
open_read,775104
open_read,819019
open_read,751297
open_read,792344
open_read,785873
open_read,784069
open_read,795912
open_read,794525
open_read,764678
open_read,802571
open_read,798980
open_read,830139
open_read,826989
open_read,798609
open_read,833315
open_read,765064
open_read,781338
open_read,802977
open_read,745815
open_read,779316
open_read,790633
open_read,795088
open_read,783553
open_read,875579
open_read,880204
open_read,807800
open_read,793273
open_read,771709
open_read,769351
open_read,811712
open_read,776560
open_read,775101
open_read,802916
open_read,797578
open_read,790610
open_read,777532
open_read,804610
open_read,785922
open_read,754712
open_read,778395
open_read,781892
open_read,766236
open_read,819991
open_read,787723
open_read,770962
open_read,759886
open_read,802686
open_read,800545
open_read,784019
open_read,804862
open_read,818521
open_read,793630
open_read,797450
open_read,788792
open_read,784670
open_read,756442
open_read,741816
open_read,814273
open_read,766720
open_read,756116
open_read,800449
open_read,799985
open_read,838117
open_read,758329
open_read,809807
open_read,802014
open_read,794424
open_read,765858
open_read,837916
open_read,769538
open_read,770378
open_read,762344
open_read,804231
open_read,782376
open_read,818409
open_read,772341
open_read,794122
open_read,794053
open_read,781927
open_read,798727
open_read,742505
open_read,812488
open_read,817502
open_read,769165
open_read,793212
open_read,767568
open_read,810345
open_read,890974
open_read,809688
open_read,794314
open_read,785749
open_read,785971
open_read,783527
open_read,780627
open_read,823781
open_read,769587
open_read,785316
open_read,766896
open_read,769457
open_read,784528
open_read,791479
open_read,802003
open_read,771479
open_read,796023
open_read,810541
open_read,806530
open_read,777600
open_read,793923
open_read,810388
open_read,754893
open_read,779852
open_read,749389
open_read,787542
open_read,791225
open_read,774687
open_read,792966
open_read,789214
open_read,754402
open_read,809861
open_read,793331
open_read,794378
open_read,789023
open_read,816773
open_read,788557
open_read,769599
open_read,813327
open_read,812659
open_read,796204
open_read,800312
open_read,767660
open_read,787012
open_read,811710
open_read,800878
open_read,801101
open_read,775282
open_read,782345
open_read,785992
open_read,745859
open_read,785614
open_read,786486
open_read,793738
open_read,752327
open_read,1558190
open_read,1543711
open_read,1487158
open_read,1443582
open_read,1494736
open_read,1425659
open_read,1456435
open_read,1502592
open_read,1586775
open_read,1458561
open_read,1452684
open_read,1475492
open_read,1456773
open_read,1507646
open_read,1522981
open_read,1474816
open_read,1456481
open_read,1503337
open_read,1496303
open_read,1459210
open_read,1449637
open_read,1480811
open_read,1482986
open_read,1389763
open_read,1547046
open_read,1434323
open_read,1641981
open_read,1483330
open_read,1464078
open_read,1444401
open_read,1446644
open_read,1546120
open_read,1512939
open_read,1487064
open_read,1441137
open_read,1435860
open_read,1479065
open_read,1474451
open_read,1500356
open_read,1438815
open_read,1408066
open_read,1472133
open_read,1470301
open_read,1486819
open_read,1522890
open_read,1464034
open_read,1546528
open_read,1434236
open_read,1503921
open_read,1433722
open_read,1453140
open_read,1508546
open_read,1550656
open_read,1653998
open_read,1496980
open_read,1551775
open_read,1567246
open_read,1498958
open_read,1445632
open_read,1527458
open_read,1463955
open_read,1433600
open_read,1492129
open_read,1496944
open_read,1500800
open_read,1586174
open_read,1496650
open_read,1520915
open_read,1779627
open_read,1531885
open_read,1547716
open_read,1515572
open_read,1437933
open_read,1497216
open_read,1474597
open_read,1501048
open_read,1467881
open_read,1443893
open_read,1449139
open_read,1468768
open_read,1494009
open_read,1497838
open_read,1511410
open_read,1452416
open_read,1479457
open_read,1496248
open_read,1506546
open_read,1448857
open_read,1460730
open_read,1498328
open_read,1427425
open_read,1430281
open_read,1470389
open_read,1468453
open_read,1509721
open_read,1434782
open_read,1448268
open_read,1444988
open_read,1478238
open_read,1460364
open_read,1444855
open_read,1406397
open_read,1444927
open_read,1521532
open_read,1526953
open_read,1573470
open_read,1547907
open_read,1656691
open_read,1543407
open_read,1522722
open_read,1503138
open_read,1450105
open_read,1468562
open_read,1454760
open_read,1438043
open_read,1406361
open_read,1464084
open_read,1499324
open_read,1480442
open_read,1492937
open_read,1442620
open_read,1417390
open_read,1484560
open_read,1466211
open_read,1450227
open_read,1486296
open_read,1449035
open_read,1419514
open_read,1408913
open_read,1450984
open_read,1457526
open_read,1481322
open_read,1443654
open_read,1496567
open_read,1443230
open_read,1413524
open_read,1448409
open_read,1424040
open_read,1478826
open_read,1631878
open_read,1473710
open_read,1453189
open_read,1423660
open_read,1442761
open_read,1500630
open_read,1604214
open_read,1559376
open_read,1480118
open_read,1494145
open_read,1427749
open_read,1485703
open_read,1433012
open_read,1454784
open_read,1441603
open_read,1434553
open_read,1421452
open_read,1494382
open_read,1453800
open_read,1426557
open_read,1480406
open_read,1471503
open_read,1433844
open_read,1434181
open_read,1426189
open_read,1475809
open_read,1478196
open_read,1498912
open_read,1507113
open_read,1475498
open_read,1438522
open_read,1415495
open_read,1399192
open_read,1490996
open_read,1437855
open_read,1454734
open_read,1451025
open_read,1467539
open_read,1471178
open_read,1427444
open_read,1453842
open_read,1476796
open_read,1504445
open_read,1375769
open_read,1455843
open_read,1430530
open_read,1457569
open_read,1445960
open_read,1491510
open_read,1471546
open_read,1464425
open_read,1490163
open_read,1466312
open_read,1462598
open_read,1611828
open_read,1517276
open_read,1479615
open_read,1444771
open_read,1454826
open_read,1435447
open_read,1433902
open_read,1432216
open_read,1502017
open_read,1478007
open_read,1434075
open_read,1466464
open_read,1440182
open_read,1503595
open_read,1475820
open_read,1451128
open_read,1480647
open_read,1440363
open_read,1491601
open_read,1446747
open_read,1326347
open_read,1524161
open_read,1433178
open_read,1498750
open_read,1505900
open_read,1414556
open_read,1425694
open_read,1453816
open_read,1448699
open_read,1508736
open_read,1434505
open_read,1391639
open_read,1426934
open_read,1478278
open_read,1367649
open_read,1489071
open_read,1453429
open_read,1428204
open_read,1431216
open_read,1454186
open_read,1455403
open_read,1416308
open_read,1466475
open_read,1447338
open_read,1463426
open_read,1478502
open_read,1455974
open_read,1412393
open_read,1449059
open_read,1412159
open_read,1433165
open_read,1471716
open_read,1452736
open_read,1482876
open_read,1482273
open_read,1590311
open_read,1512441
open_read,1585529
open_read,1510333
open_read,1437371
open_read,1431438
open_read,1431885
open_read,1441472
open_read,1429959
open_read,1426966
open_read,1502826
open_read,1464089
open_read,1503506
open_read,1431657
open_read,1474261
open_read,1406616
open_read,1483573
open_read,1442196
open_read,1430073
open_read,1362289
open_read,1422083
open_read,1404568
open_read,1456814
open_read,1489805
stat_enoent,1046905
stat_enoent,1060925
stat_enoent,1037949
stat_enoent,1016353
stat_enoent,1028438
stat_enoent,1014126
stat_enoent,1012425
stat_enoent,1009557
stat_enoent,997283
stat_enoent,1000626
stat_enoent,1018364
stat_enoent,991746
stat_enoent,1022789
stat_enoent,1071811
stat_enoent,1031634
stat_enoent,1082328
stat_enoent,1025874
stat_enoent,1102994
stat_enoent,994806
stat_enoent,995753
unlink,2918363
unlink,2962409
unlink,2972647
unlink,3134055
unlink,3059740
unlink,3561483
unlink,2818544
unlink,3059784
unlink,3082402
unlink,3020031
unlink,2806343
unlink,3055671
unlink,3305191
unlink,3177031
unlink,3165153
unlink,2926497
unlink,3020523
unlink,3110511
unlink,3219511
unlink,3057956
unlink,2965431
unlink,3035333
unlink,3189824
unlink,3161725
unlink,3289258
unlink,2733834
unlink,3039191
unlink,3332911
unlink,3016631
unlink,3097162
unlink,3047588
unlink,3264125
unlink,2867011
unlink,12121957
unlink,3182138
unlink,3294205
unlink,3467608
unlink,3043167
unlink,2930455
unlink,3172311
unlink,3125531
unlink,3186759
unlink,3177959
unlink,3125642
unlink,2918172
unlink,3397648
unlink,3261082
unlink,2923290
unlink,3050520
unlink,3071133
unlink,3080370
unlink,2964478
unlink,2984539
unlink,3089618
unlink,2980483
unlink,3083466
unlink,3183541
unlink,3322976
unlink,3073474
unlink,3304232
unlink,3017241
unlink,2818161
unlink,3224568
unlink,3118594
unlink,4190487
unlink,2901166
unlink,3034056
unlink,3135790
unlink,3019905
unlink,3037455
unlink,3199625
unlink,3020572
unlink,3020254
unlink,2977243
unlink,3156836
unlink,3459610
unlink,2896463
unlink,3028115
unlink,2975560
unlink,3097838
unlink,2585603
unlink,2813640
unlink,3197157
unlink,3045679
unlink,2997001
unlink,2934451
unlink,2786278
unlink,3127575
unlink,3038668
unlink,3221872
unlink,3194531
unlink,3086146
unlink,3032274
unlink,2929304
unlink,3139611
unlink,3008086
unlink,3015944
unlink,3012240
unlink,3099144
unlink,2811727
unlink,2947619
unlink,3099541
unlink,3004034
unlink,3129082
unlink,2884561
unlink,2929673
unlink,2953629
unlink,2945436
unlink,3027391
unlink,3287510
unlink,2701887
unlink,3190310
unlink,2993641
unlink,3046640
unlink,3052879
unlink,3014074
unlink,2986960
unlink,2839314
unlink,2973492
unlink,3003289
unlink,2960380
unlink,2901163
unlink,2883783
unlink,2838457
unlink,2946652
unlink,3001560
unlink,3075413
unlink,2895519
unlink,3078947
unlink,2970456
unlink,2844631
unlink,2972803
unlink,2893766
unlink,3037921
unlink,3180516
unlink,2918604
unlink,3008236
unlink,3001059
unlink,3459345
unlink,2995170
unlink,3083238
unlink,2856491
unlink,3079166
unlink,3260538
unlink,3370068
unlink,3084101
unlink,3026941
unlink,3144965
unlink,2775099
unlink,3075646
unlink,3109070
unlink,3029937
unlink,3210999
unlink,2731569
unlink,2912665
unlink,3000965
unlink,2984999
unlink,3258464
unlink,3256264
unlink,2981090
unlink,3078701
unlink,2975031
unlink,3295043
unlink,3125880
unlink,3138017
unlink,2686606
unlink,2871277
unlink,2970646
unlink,3180707
unlink,3000678
unlink,2995384
unlink,3393643
unlink,2911947
unlink,3190630
unlink,3366048
unlink,3205391
unlink,3037252
unlink,3178301
unlink,2786537
unlink,2692190
unlink,3165869
unlink,3082204
unlink,3173648
unlink,3101302
unlink,2996525
unlink,3389250
unlink,3257492
unlink,3734793
unlink,3210260
unlink,3049491
unlink,3086967
unlink,3330367
unlink,3348674
unlink,3073034
unlink,3268225
unlink,3214730
unlink,3709546
unlink,3434557
unlink,3359206
unlink,2884512
unlink,3222221
unlink,3109084
unlink,2985713
unlink,3102899
unlink,2983490
unlink,3087396
unlink,3007918
unlink,3092630
unlink,2969323
unlink,9931217
unlink,3126091
unlink,3125097
unlink,3397309
unlink,2966146
unlink,2985077
unlink,3314355
unlink,3129750
unlink,3289804
unlink,3131656
unlink,3267093
unlink,2720246
unlink,2923124
unlink,2922019
unlink,3864542
unlink,3128856
unlink,3121654
unlink,2737168
unlink,3088408
unlink,3003302
unlink,2909058
unlink,4350883
unlink,3289981
unlink,3066216
unlink,14686452
unlink,11170312
unlink,3512517
unlink,3087172
unlink,2909892
unlink,4679750
unlink,2937123
unlink,3084603
unlink,3335573
unlink,3021592
unlink,3330935
unlink,3546673
unlink,3034086
unlink,3601507
unlink,3583670
unlink,3028334
unlink,3172242
unlink,2848699
unlink,3036374
unlink,3163402
unlink,3150421
unlink,3284064
unlink,2978666
unlink,4827300
unlink,3089015
unlink,3172752
unlink,3875297
unlink,3117836
unlink,3101377
unlink,3578669
unlink,2992367
unlink,3009899
unlink,3904404
unlink,2863816
unlink,3015748
unlink,3289044
unlink,3215625
unlink,3077023
unlink,3253022
unlink,3191143
unlink,3381424
unlink,3049441
unlink,2973435
unlink,3007808
unlink,3119060
unlink,3211985
unlink,3361069
unlink,3235714
unlink,2742629
unlink,3175798
unlink,3121073
unlink,7497654
unlink,3335760
unlink,3184505
unlink,3108408
unlink,2987724
unlink,3111705
unlink,3500673
unlink,3553717
unlink,3323524
unlink,3214433
unlink,2954641
unlink,3077392
unlink,3396586
unlink,3032647
unlink,2943093
unlink,3138771
unlink,3060020
unlink,3286758
unlink,3187567
unlink,3271786
unlink,3206324
unlink,2740773
unlink,3077052
unlink,3012838
unlink,5413325
unlink,3060981
unlink,3320576
unlink,3089181
unlink,3121812
unlink,2913655
unlink,3066146
unlink,3287790
unlink,3163281
unlink,3277205
unlink,2973394
unlink,3163541
unlink,3037488
unlink,3143573
unlink,3057760
unlink,3079276
unlink,3009281
unlink,3341055
unlink,2975353
unlink,2988262
unlink,3859711
unlink,3495514
unlink,3077131
unlink,3151233
unlink,3095710
unlink,3134170
unlink,3449380
unlink,2887181
unlink,2853458
unlink,2941275
unlink,3127337
unlink,2937067
unlink,2795461
unlink,2931288
unlink,3066220
unlink,2960885
unlink,3172057
unlink,3108397
unlink,2996416
unlink,3235732
unlink,2916501
unlink,2937043
unlink,3089957
unlink,3238092
unlink,3229924
unlink,3048594
unlink,3381008
unlink,3134882
unlink,3042567
unlink,3114310
unlink,3331027
unlink,2963833
unlink,2938325
unlink,2768645
unlink,3091337
unlink,3038416
unlink,3042598
unlink,3140774
unlink,3118083
unlink,3143397
unlink,3032328
unlink,3107619
unlink,3136771
unlink,3165259
unlink,3179693
unlink,2950592
unlink,3193930
unlink,2979482
unlink,3013169
unlink,3024864
unlink,3207603
unlink,3041021
unlink,3019434
unlink,3012850
unlink,3124950
unlink,3456492
unlink,2879442
unlink,3092002
unlink,2896353
unlink,3323240
unlink,5123201
unlink,3279923
unlink,3308855
unlink,2609560
unlink,3208906
unlink,3089810
unlink,3102467
unlink,3158293
unlink,3101759
unlink,3212622
unlink,3409262
unlink,2999257
unlink,3186293
unlink,2930080
unlink,3111206
unlink,3249112
unlink,2787825
unlink,3127402
unlink,4828223
unlink,3142796
unlink,3202141
unlink,3088932
unlink,3111557
unlink,2982327
unlink,3053961
unlink,3471297
unlink,3112464
unlink,2857519
unlink,3800063
unlink,3165914
unlink,3187224
unlink,3420256
unlink,2990926
unlink,2763488
unlink,3216769
unlink,2988114
unlink,3112878
unlink,3452974
unlink,3018100
unlink,3057304
unlink,2910030
unlink,3255114
unlink,2945673
unlink,3180420
unlink,2782059
unlink,3033641
unlink,2994319
unlink,3037966
unlink,3672128
unlink,3146611
unlink,2960058
unlink,3059004
unlink,3002022
unlink,3065625
unlink,12860193
unlink,3778402
unlink,3114846
unlink,2995754
unlink,2959709
unlink,2993916
unlink,3062192
unlink,3101733
unlink,3194514
unlink,3113072
unlink,3234785
unlink,3149020
unlink,3085148
unlink,3372037
unlink,3142291
unlink,3368936
unlink,2860446
unlink,3058102
unlink,2935666
unlink,3200854
unlink,3068915
unlink,3207467
unlink,2975977
unlink,2950608
unlink,3028589
unlink,3206521
unlink,2961965
unlink,3087736
unlink,2987502
unlink,3370619
unlink,3058964
unlink,3200985
unlink,3245445
unlink,3463269
unlink,2918915
unlink,2965478
unlink,3345734
unlink,3043608
unlink,3171288
unlink,3171582
unlink,3132244
unlink,3259526
unlink,3350681
unlink,3008585
unlink,4392214
unlink,3239036
unlink,2929795
unlink,2889998
unlink,3020181
unlink,3076663
unlink,2950864
unlink,3043091
unlink,3168977
unlink,2930289
unlink,2823724
unlink,3036281
unlink,3399662
unlink,2998927
unlink,2863030
unlink,3175945
unlink,3023758
unlink,4901649
unlink,3038162
unlink,2974250
unlink,3211035
unlink,3014063
unlink,2969371
unlink,3122226
unlink,2960244
unlink,2942305
unlink,3119191
unlink,2808000
unlink,2890243
unlink,3902772
unlink,3029910
unlink,2915748
unlink,3175351
unlink,2882358
unlink,2970896
unlink,3186620
unlink,2979085
unlink,3100724
unlink,3366773
unlink,3033809
unlink,2920174
unlink,2993976
unlink,3083097
unlink,3050239
unlink,3197016
unlink,2707036
unlink,2942480
unlink,3342261
unlink,3026787
unlink,2981836
unlink,3064156
unlink,3219180
unlink,3287035
unlink,3253814
unlink,2880280
unlink,3077292
unlink,3095498
unlink,3012122
unlink,3039385
unlink,3129014
unlink,3080968
unlink,3470457
unlink,3171941
unlink,3107503
unlink,3104652
unlink,3018086
unlink,2949975
unlink,3073381
unlink,3179791
unlink,3168196
unlink,2931300
unlink,3125038
unlink,3106823
unlink,3034396
unlink,3123893
unlink,2620471
unlink,2988342
unlink,3072445
unlink,2996941
unlink,3120592
unlink,3004212
unlink,3106875
unlink,3018340
unlink,3693950
unlink,3168898
unlink,3259506
unlink,3052206
unlink,3100459
unlink,2873585
unlink,2950930
unlink,3184749
unlink,2946241
unlink,3077086
unlink,3343974
unlink,3238973
unlink,3365521
unlink,3041335
unlink,3067221
unlink,3143933
unlink,2989715
unlink,3488525
unlink,2885443
unlink,3016255
unlink,3145746
unlink,3327725
unlink,3236922
unlink,3173430
unlink,3243650
unlink,3030762
unlink,3002707
unlink,3022971
unlink,3200293
unlink,3040676
unlink,2942600
unlink,3174966
unlink,5715293
unlink,3039049
unlink,2982298
unlink,2878837
unlink,3015727
unlink,3025904
unlink,3049779
unlink,3074039
unlink,3207017
unlink,3276016
unlink,3003804
unlink,3099190
unlink,3114450
unlink,3122481
unlink,3154810
unlink,2842809
unlink,2947430
unlink,3298124
unlink,3104208
unlink,3116604
unlink,2945519
unlink,3205976
unlink,3021038
unlink,2999985
unlink,3372549
unlink,3106459
unlink,3060568
unlink,2983144
unlink,7348437
unlink,3235646
unlink,2911564
unlink,3026179
unlink,3109773
unlink,3135109
unlink,2902887
unlink,4526726
unlink,3021798
unlink,4567174
unlink,3279400
unlink,3094002
unlink,2859596
unlink,3083056
unlink,7103804
unlink,3355821
unlink,3250370
unlink,3161965
unlink,4041391
unlink,3078548
unlink,3137501
unlink,3038926
unlink,2908651
unlink,3167452
unlink,8455588
unlink,2977697
unlink,3193205
unlink,3097312
unlink,3108706
unlink,2874283
unlink,2929924
unlink,3130356
unlink,3112853
unlink,2958820
unlink,3134943
unlink,3095280
unlink,3728007
unlink,2818399
unlink,3017719
unlink,3083501
unlink,3250552
unlink,3095346
unlink,2717429
unlink,2908331
unlink,2965227
unlink,3116196
unlink,3199859
unlink,3216421
unlink,3206509
unlink,3111690
unlink,3308753
unlink,2923008
unlink,3632684
unlink,3192058
unlink,3383244
unlink,2848585
unlink,2985468
unlink,3087626
unlink,3081206
unlink,3035308
unlink,3267462
unlink,3036174
unlink,3425174
unlink,2989813
unlink,3109750
unlink,2964472
unlink,3065506
unlink,11206720
unlink,3085227
unlink,3031314
unlink,3135747
unlink,3300794
unlink,2822023
unlink,3098479
unlink,3045633
unlink,3024773
unlink,2844460
unlink,3058712
unlink,3166522
unlink,3055031
unlink,3012860
unlink,3077551
unlink,3001060
unlink,3068928
unlink,3051551
unlink,2868261
unlink,5306349
unlink,2972060
unlink,3042373
unlink,3037286
unlink,3182689
unlink,2808877
unlink,2911713
unlink,3262350
unlink,4008803
unlink,3221336
unlink,2875242
unlink,2867425
unlink,3155640
unlink,3141389
unlink,3055564
unlink,3298122
unlink,3323719
unlink,3127273
unlink,3002749
unlink,2930071
unlink,2846569
unlink,3059486
unlink,3187924
unlink,3285035
unlink,2831883
unlink,3009270
unlink,2895532
unlink,3441548
unlink,3127085
unlink,4072237
unlink,2918947
unlink,2861298
unlink,3619017
unlink,2884945
unlink,3018540
unlink,2789244
unlink,2927774
unlink,3139630
unlink,3011444
unlink,3159516
unlink,3370632
unlink,2861498
unlink,2935713
unlink,2976821
unlink,3030387
unlink,3426167
unlink,3145318
unlink,3175024
unlink,3109730
unlink,3074803
unlink,3259222
unlink,3071559
unlink,2974439
unlink,3210080
unlink,2932400
unlink,3143990
unlink,3036788
unlink,3096797
unlink,3346441
unlink,3065339
unlink,3049528
unlink,3183389
unlink,3004270
unlink,3251564
unlink,3269095
unlink,3171293
unlink,2862288
unlink,3179810
unlink,2994435
unlink,3123205
unlink,3197649
unlink,3670737
unlink,3032169
unlink,2815877
unlink,3061033
unlink,2982988
unlink,3030989
unlink,2948113
unlink,3017210
unlink,2739859
unlink,3303638
unlink,2928075
unlink,3154130
unlink,3064358
unlink,3043694
unlink,3150712
unlink,3234274
unlink,2947786
unlink,3260175
unlink,3195970
unlink,3037380
unlink,3144993
unlink,3153393
unlink,3063596
unlink,3173991
unlink,3062005
unlink,2835688
unlink,3438290
unlink,3159905
unlink,3285338
unlink,7132571
unlink,3440142
unlink,3137695
unlink,3474238
unlink,3091858
unlink,3737168
unlink,3085703
unlink,3151809
unlink,3185010
unlink,3082391
unlink,3012238
unlink,3364979
unlink,3096308
unlink,3100020
unlink,3007700
unlink,2995332
unlink,2940648
unlink,3188543
unlink,3182655
unlink,3036903
unlink,3030859
unlink,2956031
unlink,2980790
unlink,3182856
unlink,3122233
unlink,3068907
unlink,3391165
unlink,2840567
unlink,3032995
unlink,3171745
unlink,3810104
unlink,3117674
unlink,3114181
unlink,3291198
unlink,3097535
unlink,3023156
unlink,3264495
unlink,3241182
unlink,3248334
unlink,3173119
unlink,3119708
unlink,3201940
unlink,3413367
unlink,3264454
unlink,3431601
unlink,3084009
unlink,3296410
unlink,3116475
unlink,3132771
unlink,3256434
unlink,3761947
unlink,2868662
unlink,3008926
unlink,3146042
unlink,3045268
unlink,3117466
unlink,3209785
unlink,3096083
unlink,2969642
unlink,3093523
unlink,3352962
unlink,3346298
unlink,3362873
unlink,3363351
unlink,3236485
unlink,2985832
unlink,3162323
unlink,3117621
unlink,3018133
unlink,3052873
unlink,2993219
unlink,3157815
unlink,3108524
unlink,3008662
unlink,2985593
unlink,3114039
unlink,3175597
unlink,2999447
unlink,3274733
unlink,3201898
unlink,3049850
unlink,3095990
unlink,2837167
unlink,3125372
unlink,2941458
unlink,3207605
unlink,3139926
unlink,3452999
unlink,3033530
unlink,3579797
unlink,2970885
unlink,3265687
unlink,3064832
unlink,3173902
unlink,2776165
unlink,3048402
unlink,2896971
unlink,3533422
unlink,3269334
unlink,3260376
unlink,3094112
unlink,3092185
unlink,3531113
unlink,3106961
unlink,3021878
unlink,3100191
unlink,2761659
unlink,2998516
unlink,3189022
unlink,3317253
unlink,3235155
unlink,3036076
unlink,2815941
unlink,3406689
unlink,3409732
unlink,3379823
unlink,3306756
unlink,3414875
unlink,3241769
unlink,3881285
unlink,3047907
unlink,3124983
unlink,3181729
unlink,3151501
unlink,3061521
unlink,2991896
unlink,3013950
unlink,3317404
unlink,3086518
unlink,2974868
unlink,3115792
unlink,2826133
unlink,3188113
unlink,2962311
unlink,2956959
unlink,3135171
unlink,2554233
unlink,3057579
unlink,2936111
unlink,3103143
unlink,3320896
unlink,3137318
unlink,3213067
unlink,3078247
unlink,3145050
unlink,3169775
unlink,3141609
unlink,3035033
unlink,3095050
unlink,3139058
unlink,3097653
unlink,2983725
unlink,3068993
unlink,3140898
unlink,3139936
unlink,2949216
unlink,3052909
unlink,3256799
unlink,3245671
unlink,3281271
unlink,3037793
unlink,3353066
unlink,3037928
unlink,3163076
unlink,3084735
unlink,3222318
unlink,3013578
unlink,2809194
unlink,2976069
unlink,3089144
unlink,3015451
unlink,3210402
unlink,3232141
unlink,3164722
unlink,3120063
unlink,3286391
unlink,2965698
unlink,2970627
unlink,3104779
unlink,3052495
unlink,2780208
unlink,2926661
unlink,3231199
unlink,3125536
unlink,3081149
