create,80312
create,21246
create,17910
create,19011
create,20321
create,57150
create,25164
create,13773
create,35856
create,19939
create,18872
create,21332
create,23193
create,14660
create,16779
create,16977
create,21088
create,22225
create,23808
create,16644
create,16249
create,21260
create,20308
create,19761
create,24015
create,13269
create,15579
create,17823
create,18650
create,22036
create,23993
create,24143
create,15963
create,16123
create,17912
create,21001
create,22902
create,27011
create,14850
create,15446
create,18018
create,24176
create,22720
create,21961
create,16287
create,17043
create,18120
create,20151
create,20490
create,23448
create,20770
create,23068
create,17888
create,20971
create,22634
create,12701
create,13958
create,16820
create,755881
create,22001
create,24557
create,24157
create,14862
create,18238
create,18971
create,19876
create,22158
create,28277
create,14580
create,15760
create,18844
create,19036
create,22288
create,23785
create,14551
create,16081
create,16973
create,296642
create,24038
create,23517
create,13839
create,17115
create,16660
create,21542
create,21346
create,22462
create,13082
create,15190
create,16037
create,19093
create,19993
create,23497
create,25111
create,14722
create,17734
create,22021
create,19669
create,21637
create,24164
create,18043
create,18452
create,18432
create,20319
create,25464
create,12582
create,15295
create,16053
create,18253
create,30774
create,22852
create,13422
create,15045
create,34015
create,27236
create,21905
create,27437
create,25407
create,17654
create,17078
create,18105
create,21103
create,24481
create,22263
create,16497
create,15988
create,17039
create,19486
create,21791
create,25192
create,19272
create,21088
create,17105
create,19991
create,20427
create,24120
create,14360
create,15557
create,17308
create,17638
create,24546
create,21944
create,14966
create,15237
create,16178
create,19739
create,23946
create,22624
create,24710
create,19178
create,16830
create,19035
create,24876
create,23647
create,13215
create,16921
create,17042
create,19817
create,22936
create,47656
create,18593
create,16089
create,18170
create,19125
create,20498
create,22889
create,12988
create,15021
create,19942
create,19862
create,19370
create,23596
create,24839
create,15182
create,27030
create,19634
create,28030
create,21609
create,41412
create,17866
create,17979
create,17685
create,22356
create,20782
create,27503
create,14679
create,15900
create,18453
create,25419
create,22633
create,24913
create,14598
create,21423
create,18440
create,20671
create,21716
create,21362
create,13717
create,16084
create,16543
create,18571
create,22528
create,26165
create,14920
create,16166
create,15474
create,21606
create,19744
create,22885
create,23678
create,17697
create,19014
create,22758
create,22411
create,23169
create,14341
create,15070
create,19095
create,19210
create,21540
create,25131
create,14188
create,17491
create,16036
create,19279
create,25579
create,39540
create,13014
create,14831
create,18566
create,20424
create,20634
create,24496
create,24753
create,14763
create,16499
create,18109
create,20086
create,23714
create,27448
create,14019
create,16131
create,18755
create,18721
create,21238
create,24498
create,14686
create,15913
create,19510
create,22344
create,20494
create,12457
create,16818
create,15117
create,17774
create,19552
create,21242
create,23566
create,17280
create,27561
create,17974
create,22127
create,23361
create,23450
create,15607
create,16868
create,16763
create,22394
create,25485
create,23737
create,13671
create,15862
create,33661
create,19812
create,22421
create,26015
create,14694
create,13993
create,16340
create,19797
create,20861
create,22317
create,14337
create,14597
create,21613
create,17828
create,24924
create,24116
create,23283
create,16535
create,17233
create,18024
create,20468
create,21502
create,25041
create,16392
create,16924
create,17682
create,19502
create,22598
create,26939
create,17282
create,16119
create,20651
create,20083
create,21955
create,11576
create,13917
create,15142
create,29468
create,19938
create,23212
create,26879
create,15108
create,20481
create,18034
create,22036
create,20846
create,24908
create,14442
create,16817
create,20801
create,22221
create,20489
create,23313
create,14113
create,15407
create,17372
create,19272
create,25754
create,26489
create,15752
create,15265
create,17361
create,17399
create,22459
create,20969
create,13081
create,17112
create,38408
create,21157
create,21085
create,22195
create,24905
create,17485
create,17328
create,22456
create,19610
create,24503
create,23992
create,14760
create,15860
create,19729
create,19924
create,22548
create,13644
create,18580
create,15515
create,19622
create,28943
create,26716
create,12983
create,15346
create,17346
create,17983
create,30322
create,25332
create,24880
create,15222
create,17751
create,17913
create,23610
create,23758
create,26540
create,17425
create,15130
create,20404
create,19912
create,21952
create,24569
create,14742
create,16984
create,20696
create,21107
create,21607
create,38708
create,15128
create,16593
create,18053
create,18924
create,21255
create,25429
create,16429
create,15724
create,16738
create,19120
create,20568
create,21950
create,25349
create,14951
create,22507
create,17199
create,20911
create,22475
create,13294
create,15343
create,19277
create,21505
create,21012
create,35343
create,15711
create,16901
create,17569
create,19488
create,19878
create,23718
create,12243
create,14318
create,17550
create,22068
create,20956
create,23693
create,17172
create,15568
create,16682
create,19702
create,21645
create,24274
create,27294
create,15620
create,17608
create,18391
create,18500
create,21894
create,22735
create,13854
create,15193
create,21344
create,21862
create,20750
create,23111
create,15772
create,15381
create,17215
create,23410
create,25701
create,21402
create,13113
create,15824
create,16676
create,17690
create,20977
create,26666
create,13833
create,15187
create,20876
create,21293
create,19295
create,22301
create,23795
create,15615
create,18091
create,19597
create,27493
create,22720
create,14008
create,14920
create,17926
create,21491
create,21716
create,25231
create,13681
create,17688
create,16784
create,19378
create,20202
create,21867
create,12646
create,14691
create,18334
create,19029
create,22773
create,25083
create,23866
create,19476
create,18284
create,17616
create,21382
create,22877
create,26024
create,15150
create,16394
create,17427
create,20342
create,21708
create,22622
create,14224
create,17077
create,35776
create,23099
create,24863
create,25451
create,14706
create,16869
create,17229
create,20052
create,21589
create,23214
create,13965
create,27848
create,20924
create,20061
create,25033
create,23564
create,17658
create,15496
create,18428
create,24519
create,21612
create,23123
create,14470
create,16000
create,18256
create,19644
create,21997
create,24957
create,16742
create,15762
create,17539
create,19694
create,23336
create,22885
create,13193
create,14809
create,18331
create,18213
create,23367
create,21818
create,24142
create,15632
create,18377
create,19625
create,21091
create,22320
create,25622
create,16507
create,19278
create,17215
create,20410
create,20775
create,23235
create,13936
create,23204
create,18154
create,20398
create,25227
create,12476
create,13613
create,22263
create,30391
create,24432
create,24345
create,13936
create,15571
create,17612
create,18434
create,20185
create,22318
create,23621
create,14933
create,16602
create,21502
create,18905
create,21272
create,22069
create,15438
create,33501
create,17031
create,19024
create,24883
create,23154
create,14419
create,16540
create,16600
create,19206
create,25333
create,21476
create,13218
create,16269
create,17452
create,23182
create,20584
create,23433
create,23603
create,14713
create,18472
create,18278
create,23133
create,22193
create,23402
create,17892
create,16073
create,20131
create,21026
create,26330
create,12886
create,16902
create,17021
create,17563
create,30189
create,23117
create,14113
create,14757
create,18345
create,52238
create,25018
create,21481
create,14934
create,15913
create,16606
create,17358
create,20904
create,25238
create,27350
create,15080
create,19817
create,20201
create,18390
create,22954
create,23508
create,15066
create,15816
create,17960
create,23440
create,21138
create,21946
create,15006
create,16109
create,20360
create,19295
create,20340
create,28434
create,13775
create,16841
create,16420
create,18000
create,21812
create,22221
create,13610
create,14497
create,16585
create,19961
create,28645
create,21407
create,14376
create,15050
create,16036
create,20349
create,19884
create,247808
create,54398
create,19807
create,24470
create,20816
create,20878
create,23514
create,14300
create,16654
create,21812
create,17819
create,25617
create,23247
create,13749
create,14784
create,16158
create,19312
create,19020
create,22949
create,26406
create,16135
create,16540
create,18580
create,21089
create,21011
create,26987
create,15624
create,15783
create,22177
create,19091
create,21483
create,22747
create,14440
create,16582
create,18107
create,19420
create,22287
create,27221
create,14837
create,18952
create,18377
create,22199
create,22042
create,12111
create,13740
create,15298
create,18941
create,20816
create,20259
create,22309
create,24736
create,16009
create,18000
create,18905
create,21623
create,30340
create,15276
create,14935
create,18111
create,18483
create,21281
create,22635
create,14515
create,14869
create,16567
create,22233
create,20825
create,23452
create,28106
create,16529
create,17723
create,21074
create,20374
create,22592
create,26821
create,15792
create,16105
create,22617
create,21428
create,23513
create,31723
create,15938
create,18211
create,18763
create,20459
create,21352
create,22530
create,18680
create,16054
create,17192
create,20284
create,24486
create,15146
create,14182
create,14919
create,17573
create,19548
create,22899
create,11941
create,13719
create,23360
create,20672
create,23293
create,21561
create,24010
create,14793
create,17580
create,18511
create,19728
create,20519
create,26016
create,14257
create,18783
create,17603
create,38656
create,20925
create,23482
create,17838
create,15788
create,18596
create,21718
create,22875
create,23015
create,12515
create,14225
create,16025
create,21025
create,19709
create,25940
create,13444
create,14469
create,17346
create,19928
create,23837
create,22663
create,22442
create,16140
create,16442
create,20381
create,19875
create,20947
create,23707
create,15727
create,17380
create,19420
create,19651
create,24565
create,19078
create,14510
create,16210
create,31608
create,23083
create,22346
create,13041
create,14414
create,16041
create,23153
create,19240
create,22173
create,23813
create,15007
create,16052
create,19411
create,22975
create,25097
create,23832
create,13699
create,15041
create,18378
create,19114
create,26872
create,24275
create,14143
create,18996
create,18338
create,19117
create,20683
create,23702
create,13669
create,17630
create,17322
create,32744
create,23185
create,24115
create,13587
create,14748
create,18355
create,18432
create,24300
create,22766
create,25662
create,18946
create,17767
create,21105
create,21535
create,22113
create,12736
create,15100
create,18777
create,17415
create,32852
create,23996
create,13829
create,15800
create,16868
create,19370
create,20161
create,21006
create,14260
create,18641
create,18865
create,17618
create,20719
create,23820
create,24280
create,14253
create,15690
create,19611
create,22474
create,21863
create,23607
create,14123
create,15191
create,21005
create,19291
create,25450
create,25949
create,29923
create,16680
create,18739
create,21319
create,22046
create,21646
create,14630
create,15961
create,16680
create,22248
create,19389
create,22210
create,13705
create,14729
create,21821
create,18654
create,22540
create,25170
create,13922
create,15363
create,16392
create,19409
create,20489
create,32070
create,15272
create,15241
create,17605
create,22001
create,25868
create,22626
create,14614
create,15367
create,17402
create,22320
create,21026
create,24030
create,12792
create,15182
create,16468
create,20461
create,20321
create,21805
create,13858
create,15770
create,21582
create,19249
create,22392
create,22595
create,30858
create,15586
create,14757
create,18735
create,18498
create,21511
create,25817
create,15671
create,15284
create,17680
create,20115
create,23262
create,27331
create,14298
create,15016
create,17482
create,22123
create,21533
create,12269
create,13412
create,14762
create,17452
create,18692
create,23906
create,26933
create,26330
create,20595
create,17261
create,20064
create,20191
create,23317
create,13726
create,16097
create,19565
create,22892
create,22030
create,22829
create,13692
create,15646
create,20826
create,18665
create,21230
create,28358
create,14402
create,13838
create,16025
create,18816
create,19845
create,22640
create,13854
create,14279
create,16922
create,17411
create,22941
create,25165
create,24506
create,15789
create,15851
create,20562
create,22092
create,21106
create,26457
create,15791
create,15134
create,16693
create,37405
create,21508
stat,7467
stat,1602
stat,1627
stat,1805
stat,1631
stat,1528
stat,1378
stat,1543
stat,1398
stat,1664
stat,1551
stat,1513
stat,1502
stat,1417
stat,1346
stat,1584
stat,1484
stat,1442
stat,1546
stat,1381
stat,1518
stat,1433
stat,1632
stat,1668
stat,1606
stat,1651
stat,1769
stat,1463
stat,1651
stat,1480
stat,1615
stat,1411
stat,1332
stat,1423
stat,1576
stat,1740
stat,1504
stat,1392
stat,1644
stat,1466
stat,1512
stat,1594
stat,1522
stat,1571
stat,1563
stat,1619
stat,1551
stat,1468
stat,1438
stat,1592
stat,2218
stat,1823
stat,1568
stat,1636
stat,1534
stat,1623
stat,1564
stat,1580
stat,1686
stat,1578
stat,1901
stat,1391
stat,1594
stat,1716
stat,1504
stat,1431
stat,1369
stat,1598
stat,1480
stat,1494
stat,1588
stat,1465
stat,1394
stat,1694
stat,1390
stat,1293
stat,1406
stat,1316
stat,1402
stat,1400
stat,1380
stat,1460
stat,1380
stat,1352
stat,1612
stat,1515
stat,1581
stat,1616
stat,1490
stat,1338
stat,1400
stat,1524
stat,1246
stat,1497
stat,1381
stat,1543
stat,1410
stat,1627
stat,1488
stat,1479
stat,2115
stat,1610
stat,1765
stat,1564
stat,1452
stat,1581
stat,1350
stat,1420
stat,1524
stat,1252
stat,1388
stat,1466
stat,1562
stat,1665
stat,1532
stat,1348
stat,1458
stat,1393
stat,1603
stat,1382
stat,1377
stat,1269
stat,1357
stat,1521
stat,1429
stat,1434
stat,1419
stat,1389
stat,1494
stat,1382
stat,1490
stat,1563
stat,1342
stat,1384
stat,1566
stat,1354
stat,1396
stat,1370
stat,1400
stat,1351
stat,1467
stat,1560
stat,1561
stat,1378
stat,1240
stat,1696
stat,1559
stat,1248
stat,1364
stat,1279
stat,2040
stat,1521
stat,1472
stat,1571
stat,1648
stat,1299
stat,1173
stat,1408
stat,1373
stat,1377
stat,1347
stat,1475
stat,1437
stat,1441
stat,1281
stat,1160
stat,1374
stat,1222
stat,1508
stat,1343
stat,1589
stat,1403
stat,1377
stat,1391
stat,1391
stat,1462
stat,1361
stat,1224
stat,1478
stat,1495
stat,1485
stat,1490
stat,1509
stat,1472
stat,1159
stat,1299
stat,1279
stat,1537
stat,1270
stat,1369
stat,1186
stat,1514
stat,1507
stat,1491
stat,1364
stat,1385
stat,1254
stat,1247
stat,1363
stat,1326
stat,1863
stat,1241
stat,1273
stat,1171
stat,1232
stat,1366
stat,1377
stat,1254
stat,1153
stat,1304
stat,1299
stat,1162
stat,1271
stat,1139
stat,1362
stat,1313
stat,1163
stat,1142
stat,1151
stat,1135
stat,1426
stat,1337
stat,1379
stat,1363
stat,1360
stat,1260
stat,1279
stat,1151
stat,1249
stat,1360
stat,1152
stat,1179
stat,1268
stat,1184
stat,1293
stat,1294
stat,1163
stat,1344
stat,1268
stat,1254
stat,1235
stat,1367
stat,1157
stat,1221
stat,1353
stat,1256
stat,1358
stat,1197
stat,1278
stat,1234
stat,1465
stat,1235
stat,1243
stat,1348
stat,1234
stat,1250
stat,1233
stat,1126
stat,1151
stat,1236
stat,1264
stat,1267
stat,1165
stat,1386
stat,1418
stat,1238
stat,1371
stat,1374
stat,1423
stat,1252
stat,1254
stat,1234
stat,1276
stat,1255
stat,1268
stat,1265
stat,1303
stat,1276
stat,1400
stat,1343
stat,1152
stat,1340
stat,1357
stat,1434
stat,1370
stat,1227
stat,1284
stat,1188
stat,1278
stat,1270
stat,1144
stat,1156
stat,1034
stat,1167
stat,1251
stat,1153
stat,1234
stat,1277
stat,1231
stat,1298
stat,1626
stat,1247
stat,1429
stat,1191
stat,1202
stat,1141
stat,1263
stat,1155
stat,1204
stat,1165
stat,1391
stat,1229
stat,1116
stat,1343
stat,1206
stat,1251
stat,1279
stat,1224
stat,1348
stat,1276
stat,1243
stat,1225
stat,1267
stat,1372
stat,1378
stat,1139
stat,1231
stat,1183
stat,1141
stat,1350
stat,1292
stat,1342
stat,1244
stat,1378
stat,1226
stat,1129
stat,1155
stat,1124
stat,1182
stat,1273
stat,1252
stat,1168
stat,1192
stat,1455
stat,1283
stat,1457
stat,1148
stat,1231
stat,1419
stat,1266
stat,1511
stat,1135
stat,1251
stat,1232
stat,1366
stat,1224
stat,1073
stat,1279
stat,1250
stat,1337
stat,1246
stat,1380
stat,1290
stat,1392
stat,1334
stat,1359
stat,1231
stat,1155
stat,1244
stat,1184
stat,1139
stat,1427
stat,1148
stat,1229
stat,1163
stat,1229
stat,1269
stat,1247
stat,1293
stat,1263
stat,1224
stat,1244
stat,1266
stat,1287
stat,1313
stat,1228
stat,1200
stat,1225
stat,1135
stat,1262
stat,1137
stat,1321
stat,1223
stat,1231
stat,1245
stat,1231
stat,1148
stat,1254
stat,1260
stat,1249
stat,1585
stat,1175
stat,1305
stat,1308
stat,1298
stat,1231
stat,1260
stat,1480
stat,1345
stat,1330
stat,1243
stat,1116
stat,1067
stat,1359
stat,1152
stat,1237
stat,1061
stat,1354
stat,1227
stat,1133
stat,1227
stat,1447
stat,1279
stat,1261
stat,1380
stat,1626
stat,1357
stat,1393
stat,1304
stat,1201
stat,1061
stat,1267
stat,1149
stat,1138
stat,1169
stat,1154
stat,1179
stat,1380
stat,1163
stat,1186
stat,1428
stat,1219
stat,1140
stat,1399
stat,1318
stat,1327
stat,1268
stat,1166
stat,1223
stat,1175
stat,1503
stat,1350
stat,1217
stat,1222
stat,1367
stat,1169
stat,1138
stat,1239
stat,1257
stat,1161
stat,1123
stat,1152
stat,1357
stat,1278
stat,1265
stat,1164
stat,1139
stat,1243
stat,1235
stat,1251
stat,1222
stat,1440
stat,1157
stat,1163
stat,1153
stat,1230
stat,1299
stat,1141
stat,1141
stat,1197
stat,1170
stat,1234
stat,1142
stat,1275
stat,1345
stat,1361
stat,1164
stat,1257
stat,1254
stat,1058
stat,1216
stat,1268
stat,1268
stat,1160
stat,1150
stat,1078
stat,1098
stat,1181
stat,1062
stat,1167
stat,1613
stat,1231
stat,1371
stat,1280
stat,1268
stat,1263
stat,1145
stat,1100
stat,1134
stat,1353
stat,1255
stat,1183
stat,1096
stat,1163
stat,1491
stat,1388
stat,1236
stat,1156
stat,1205
stat,1165
stat,1158
stat,1167
stat,1141
stat,1265
stat,1170
stat,1462
stat,1179
stat,1155
stat,1147
stat,1356
stat,1364
stat,1221
stat,1236
stat,1302
stat,1366
stat,1262
stat,1222
stat,1246
stat,1199
stat,1235
stat,1158
stat,1067
stat,1151
stat,1154
stat,1183
stat,1373
stat,1236
stat,1531
stat,1166
stat,1164
stat,1475
stat,1177
stat,1136
stat,1240
stat,1100
stat,1308
stat,1148
stat,1175
stat,1082
stat,1387
stat,1275
stat,1156
stat,1316
stat,1384
stat,1236
stat,1281
stat,1060
stat,1104
stat,1207
stat,1165
stat,1149
stat,1141
stat,1133
stat,1200
stat,1074
stat,1264
stat,1339
stat,1241
stat,1135
stat,1274
stat,1411
stat,1082
stat,1348
stat,1249
stat,1414
stat,1268
stat,1090
stat,1227
stat,1177
stat,1267
stat,1233
stat,1388
stat,1143
stat,1125
stat,1152
stat,1383
stat,1096
stat,1265
stat,1154
stat,1111
stat,1380
stat,1163
stat,1136
stat,1276
stat,1161
stat,1410
stat,1292
stat,1211
stat,1166
stat,1204
stat,1067
stat,1089
stat,1040
stat,1197
stat,1054
stat,1226
stat,1150
stat,1193
stat,1173
stat,1147
stat,1141
stat,1175
stat,1231
stat,1302
stat,1444
stat,1198
stat,1210
stat,1148
stat,1181
stat,1150
stat,1162
stat,1101
stat,1063
stat,1101
stat,1159
stat,1155
stat,1142
stat,1174
stat,1304
stat,1167
stat,1106
stat,1242
stat,1302
stat,1227
stat,1181
stat,1428
stat,1249
stat,1177
stat,1227
stat,1106
stat,1362
stat,1265
stat,1191
stat,1253
stat,1146
stat,1303
stat,1193
stat,1116
stat,1150
stat,1149
stat,1235
stat,1233
stat,1073
stat,1144
stat,1105
stat,1184
stat,1139
stat,1264
stat,1254
stat,1253
stat,1296
stat,1162
stat,1430
stat,1066
stat,1218
stat,1240
stat,1145
stat,1083
stat,1035
stat,1138
stat,1148
stat,1051
stat,1163
stat,1250
stat,1237
stat,1240
stat,1382
stat,1409
stat,1192
stat,1250
stat,1228
stat,1180
stat,1165
stat,1042
stat,1095
stat,1341
stat,1181
stat,1155
stat,1184
stat,1143
stat,1516
stat,1212
stat,1152
stat,1389
stat,1121
stat,1182
stat,1307
stat,1284
stat,1272
stat,1166
stat,1062
stat,1151
stat,1162
stat,1264
stat,1270
stat,1260
stat,1108
stat,1090
stat,1235
stat,1236
stat,1252
stat,1156
stat,1156
stat,1160
stat,1386
stat,1092
stat,1208
stat,1271
stat,1079
stat,1387
stat,1193
stat,1160
stat,1277
stat,1173
stat,1255
stat,1232
stat,1167
stat,1044
stat,1058
stat,1070
stat,1074
stat,1250
stat,1049
stat,1103
stat,1084
stat,1259
stat,1280
stat,1176
stat,1249
stat,1260
stat,1148
stat,1096
stat,1143
stat,1055
stat,1165
stat,1065
stat,1094
stat,1251
stat,1142
stat,1145
stat,1172
stat,1253
stat,1277
stat,1108
stat,1375
stat,1054
stat,1251
stat,1295
stat,1109
stat,1121
stat,1142
stat,1147
stat,1079
stat,1108
stat,1186
stat,1500
stat,1319
stat,1159
stat,1287
stat,1238
stat,1066
stat,1085
stat,1050
stat,1137
stat,1058
stat,1141
stat,1253
stat,1052
stat,1092
stat,1175
stat,1072
stat,1251
stat,1168
stat,1058
stat,1098
stat,1153
stat,1265
stat,1059
stat,1067
stat,1061
stat,1238
stat,1215
stat,1077
stat,1082
stat,1266
stat,1195
stat,1173
stat,1361
stat,1120
stat,1430
stat,1088
stat,1147
stat,1146
stat,1304
stat,1296
stat,1196
stat,1153
stat,1154
stat,1140
stat,1252
stat,1312
stat,1093
stat,1150
stat,1264
stat,1214
stat,1411
stat,1140
stat,1259
stat,1297
stat,1081
stat,1145
stat,1098
stat,1292
stat,1195
stat,1170
stat,1267
stat,1164
stat,1278
stat,1209
stat,1329
stat,1153
stat,1341
stat,1202
stat,1175
stat,1088
stat,1391
stat,1255
stat,1093
stat,1168
stat,1235
stat,1259
stat,1191
stat,1338
stat,1247
stat,1071
stat,1168
stat,1320
stat,1085
stat,1114
stat,1157
stat,1073
stat,1132
stat,1197
stat,1033
stat,1023
stat,1064
stat,1201
stat,1269
stat,1168
stat,1163
stat,1076
stat,1164
stat,1100
stat,1169
stat,1064
stat,1068
stat,1069
stat,1068
stat,1211
stat,1018
stat,1056
stat,1057
stat,1202
stat,1146
stat,1288
stat,1172
stat,1143
stat,1264
stat,1085
stat,1165
stat,1060
stat,1102
stat,1163
stat,1064
stat,1068
stat,1185
stat,1058
stat,1095
stat,1095
stat,1114
stat,1513
stat,1262
stat,1066
stat,1175
stat,1034
stat,1048
stat,1091
stat,1080
stat,1091
stat,1189
stat,1122
stat,1068
stat,1193
stat,1230
stat,1068
stat,1111
stat,1127
stat,1156
stat,1074
stat,1084
stat,1249
stat,1075
stat,1079
stat,1089
stat,1066
stat,1038
stat,1078
stat,1165
stat,1058
stat,1149
stat,1051
stat,1080
stat,1066
stat,1095
stat,1049
stat,1054
stat,1085
stat,1076
stat,1083
stat,1130
stat,1227
stat,1170
stat,1096
stat,1145
stat,1043
stat,1074
stat,1102
stat,1146
stat,1076
stat,1096
stat,1285
stat,1145
stat,1072
stat,1072
stat,1097
stat,1159
stat,1153
stat,1059
stat,1064
stat,1146
stat,1062
stat,1042
stat,1131
stat,1120
stat,1095
stat,1243
stat,1209
stat,1119
stat,1068
stat,1097
stat,1159
stat,1058
stat,1067
stat,1063
stat,1097
stat,1075
stat,1214
stat,1194
stat,1146
stat,1080
stat,1166
stat,1053
stat,1032
stat,1071
stat,1049
stat,1059
stat,1094
stat,1075
stat,1101
stat,1079
stat,1079
stat,1198
stat,1046
stat,1041
stat,1274
stat,1101
stat,1081
stat,1066
stat,1053
stat,1136
open_read,11600
open_read,5694
open_read,6896
open_read,7230
open_read,10568
open_read,9534
open_read,11216
open_read,4242
open_read,5217
open_read,6323
open_read,7207
open_read,7494
open_read,9010
open_read,3761
open_read,4789
open_read,6254
open_read,6467
open_read,7272
open_read,10998
open_read,4342
open_read,6529
open_read,6137
open_read,6720
open_read,6541
open_read,6855
open_read,3159
open_read,4159
open_read,4546
open_read,6081
open_read,6164
open_read,6679
open_read,7175
open_read,3825
open_read,4243
open_read,5299
open_read,6047
open_read,7260
open_read,6896
open_read,3567
open_read,3999
open_read,5467
open_read,5542
open_read,5651
open_read,6806
open_read,3904
open_read,4299
open_read,4761
open_read,5147
open_read,5686
open_read,6739
open_read,4222
open_read,4934
open_read,6538
open_read,6631
open_read,6303
open_read,3040
open_read,3965
open_read,5082
open_read,5446
open_read,6367
open_read,9102
open_read,7998
open_read,4194
open_read,6327
open_read,5698
open_read,7401
open_read,7444
open_read,7513
open_read,5116
open_read,4691
open_read,6286
open_read,5858
open_read,6583
open_read,7426
open_read,3754
open_read,4052
open_read,5167
open_read,5538
open_read,6390
open_read,8373
open_read,3178
open_read,4701
open_read,4970
open_read,6136
open_read,7246
open_read,6526
open_read,3010
open_read,4439
open_read,5039
open_read,6479
open_read,6486
open_read,7653
open_read,8689
open_read,4390
open_read,4857
open_read,4958
open_read,5492
open_read,7170
open_read,7291
open_read,3339
open_read,6354
open_read,5680
open_read,6672
open_read,7305
open_read,3927
open_read,4416
open_read,4696
open_read,5223
open_read,5666
open_read,6567
open_read,3152
open_read,3931
open_read,4304
open_read,4826
open_read,6003
open_read,6297
open_read,8200
open_read,4052
open_read,4533
open_read,5117
open_read,5742
open_read,6594
open_read,6552
open_read,4172
open_read,4087
open_read,4585
open_read,5667
open_read,6465
open_read,7091
open_read,3577
open_read,3754
open_read,5234
open_read,6953
open_read,6342
open_read,7134
open_read,3957
open_read,4304
open_read,4379
open_read,4989
open_read,5582
open_read,6739
open_read,3243
open_read,4182
open_read,4524
open_read,5321
open_read,5908
open_read,6828
open_read,7305
open_read,4881
open_read,4593
open_read,6109
open_read,5888
open_read,6855
open_read,3944
open_read,4399
open_read,4536
open_read,5624
open_read,6281
open_read,7397
open_read,3400
open_read,4028
open_read,5006
open_read,5799
open_read,6029
open_read,8007
open_read,3026
open_read,4237
open_read,4495
open_read,5477
open_read,6082
open_read,6282
open_read,7522
open_read,3952
open_read,4390
open_read,5615
open_read,6572
open_read,6739
open_read,7418
open_read,4327
open_read,4255
open_read,13880
open_read,6043
open_read,6685
open_read,6992
open_read,3387
open_read,4148
open_read,5140
open_read,5589
open_read,6061
open_read,6371
open_read,3807
open_read,4280
open_read,4743
open_read,5440
open_read,6317
open_read,6186
open_read,3712
open_read,3885
open_read,4375
open_read,5400
open_read,18184
open_read,7747
open_read,4261
open_read,4683
open_read,5136
open_read,5642
open_read,6388
open_read,6917
open_read,3411
open_read,4013
open_read,5346
open_read,5746
open_read,6748
open_read,6684
open_read,3945
open_read,3855
open_read,5150
open_read,5497
open_read,6552
open_read,6348
open_read,3218
open_read,4238
open_read,4338
open_read,5519
open_read,6288
open_read,6675
open_read,3132
open_read,3823
open_read,5030
open_read,5428
open_read,5574
open_read,6416
open_read,6845
open_read,3864
open_read,4590
open_read,4781
open_read,5735
open_read,6979
open_read,7285
open_read,3463
open_read,4349
open_read,5182
open_read,5519
open_read,5901
open_read,7968
open_read,3813
open_read,3997
open_read,4856
open_read,5564
open_read,5898
open_read,3463
open_read,3709
open_read,5043
open_read,4691
open_read,6512
open_read,6480
open_read,7733
open_read,3830
open_read,4883
open_read,4909
open_read,7560
open_read,5878
open_read,7396
open_read,3629
open_read,4275
open_read,4147
open_read,5873
open_read,6529
open_read,7010
open_read,3426
open_read,4041
open_read,5229
open_read,5441
open_read,6270
open_read,6634
open_read,3758
open_read,5002
open_read,4918
open_read,4888
open_read,5697
open_read,5950
open_read,3746
open_read,3584
open_read,4858
open_read,4991
open_read,5956
open_read,6693
open_read,6924
open_read,3775
open_read,4646
open_read,5049
open_read,5587
open_read,7484
open_read,7297
open_read,3578
open_read,4092
open_read,4977
open_read,5512
open_read,5502
open_read,6779
open_read,4526
open_read,4865
open_read,5663
open_read,5906
open_read,6914
open_read,3045
open_read,3852
open_read,4350
open_read,6034
open_read,5775
open_read,6520
open_read,7456
open_read,3973
open_read,4431
open_read,5471
open_read,6280
open_read,6746
open_read,7684
open_read,3703
open_read,4058
open_read,5122
open_read,6083
open_read,6163
open_read,7293
open_read,4511
open_read,4616
open_read,4800
open_read,5338
open_read,6508
open_read,6567
open_read,3603
open_read,3971
open_read,5034
open_read,5043
open_read,5934
open_read,6348
open_read,3249
open_read,3405
open_read,4609
open_read,5177
open_read,6576
open_read,6264
open_read,7449
open_read,3827
open_read,4453
open_read,4926
open_read,6321
open_read,6682
open_read,7373
open_read,3801
open_read,4834
open_read,5322
open_read,6681
open_read,6729
open_read,3376
open_read,4408
open_read,5679
open_read,5318
open_read,5893
open_read,6618
open_read,2921
open_read,4021
open_read,4079
open_read,5618
open_read,6198
open_read,7249
open_read,7352
open_read,3932
open_read,4607
open_read,5055
open_read,6064
open_read,6323
open_read,8213
open_read,4306
open_read,4560
open_read,5300
open_read,5900
open_read,6961
open_read,8206
open_read,3598
open_read,4356
open_read,5243
open_read,5653
open_read,6258
open_read,6868
open_read,3884
open_read,4025
open_read,4397
open_read,6174
open_read,6279
open_read,6270
open_read,3603
open_read,3790
open_read,5104
open_read,5168
open_read,5820
open_read,5821
open_read,7010
open_read,3483
open_read,4492
open_read,5568
open_read,5810
open_read,7104
open_read,3923
open_read,5113
open_read,4534
open_read,5600
open_read,6153
open_read,6524
open_read,3578
open_read,4131
open_read,4679
open_read,5636
open_read,6108
open_read,6667
open_read,3384
open_read,3747
open_read,4502
open_read,5356
open_read,5891
open_read,7815
open_read,3197
open_read,4042
open_read,4611
open_read,5099
open_read,5670
open_read,6674
open_read,7610
open_read,4191
open_read,4932
open_read,5130
open_read,6092
open_read,5885
open_read,6833
open_read,3758
open_read,4297
open_read,5364
open_read,5884
open_read,6432
open_read,6829
open_read,3265
open_read,4214
open_read,4987
open_read,5780
open_read,6443
open_read,6957
open_read,2974
open_read,3867
open_read,4281
open_read,5177
open_read,6528
open_read,7177
open_read,4906
open_read,4921
open_read,5575
open_read,5653
open_read,6956
open_read,6936
open_read,3733
open_read,4131
open_read,5011
open_read,5521
open_read,6217
open_read,6791
open_read,3687
open_read,4146
open_read,4488
open_read,5614
open_read,7324
open_read,6905
open_read,3627
open_read,3704
open_read,4960
open_read,5568
open_read,6348
open_read,6057
open_read,3597
open_read,3487
open_read,4875
open_read,4880
open_read,6588
open_read,6155
open_read,7005
open_read,4159
open_read,6026
open_read,4773
open_read,5886
open_read,6138
open_read,6671
open_read,3914
open_read,4098
open_read,4512
open_read,5514
open_read,5907
open_read,7176
open_read,3345
open_read,3790
open_read,4775
open_read,5476
open_read,5815
open_read,6244
open_read,3729
open_read,4378
open_read,4826
open_read,5573
open_read,6329
open_read,7456
open_read,4212
open_read,4409
open_read,5130
open_read,5761
open_read,6728
open_read,7177
open_read,3842
open_read,4171
open_read,4415
open_read,6619
open_read,6424
open_read,7050
open_read,3690
open_read,4263
open_read,4281
open_read,4594
open_read,5737
open_read,6430
open_read,3505
open_read,3772
open_read,4401
open_read,4277
open_read,5392
open_read,5805
open_read,2976
open_read,4270
open_read,4497
open_read,4933
open_read,5129
open_read,5554
open_read,6808
open_read,3397
open_read,4501
open_read,4577
open_read,5346
open_read,5890
open_read,6833
open_read,3270
open_read,4014
open_read,4041
open_read,5200
open_read,6565
open_read,6144
open_read,3818
open_read,4071
open_read,5288
open_read,5930
open_read,6244
open_read,3147
open_read,3927
open_read,3937
open_read,4516
open_read,5355
open_read,6448
open_read,3053
open_read,3573
open_read,4428
open_read,5748
open_read,5244
open_read,5803
open_read,6579
open_read,3475
open_read,4177
open_read,4318
open_read,4886
open_read,6044
open_read,6347
open_read,3106
open_read,4080
open_read,4560
open_read,5150
open_read,5605
open_read,6623
open_read,4613
open_read,3619
open_read,5201
open_read,5197
open_read,5814
open_read,6626
open_read,3013
open_read,3412
open_read,4279
open_read,4559
open_read,5446
open_read,5502
open_read,6842
open_read,3594
open_read,4206
open_read,4905
open_read,6004
open_read,5715
open_read,6651
open_read,3942
open_read,5286
open_read,4929
open_read,5132
open_read,6547
open_read,3566
open_read,4007
open_read,4670
open_read,4919
open_read,6218
open_read,6429
open_read,3344
open_read,3450
open_read,4800
open_read,5022
open_read,5328
open_read,5909
open_read,3265
open_read,3667
open_read,4056
open_read,4565
open_read,5680
open_read,5128
open_read,6113
open_read,3729
open_read,4192
open_read,4553
open_read,5317
open_read,5923
open_read,7598
open_read,3686
open_read,4181
open_read,4639
open_read,4887
open_read,5608
open_read,6284
open_read,3415
open_read,3913
open_read,4859
open_read,5291
open_read,5636
open_read,6951
open_read,3207
open_read,3555
open_read,4895
open_read,5741
open_read,5340
open_read,5801
open_read,2955
open_read,3997
open_read,3993
open_read,5674
open_read,6092
open_read,6361
open_read,3682
open_read,3666
open_read,4804
open_read,4774
open_read,5179
open_read,6475
open_read,3039
open_read,4883
open_read,4103
open_read,4556
open_read,5711
open_read,6082
open_read,3054
open_read,3886
open_read,4519
open_read,4566
open_read,5333
open_read,5505
open_read,3131
open_read,3310
open_read,4011
open_read,4720
open_read,5377
open_read,6232
open_read,5563
open_read,3276
open_read,3900
open_read,4469
open_read,5293
open_read,5786
open_read,6282
open_read,3440
open_read,3705
open_read,4318
open_read,5092
open_read,5749
open_read,5905
open_read,3413
open_read,3856
open_read,5162
open_read,4881
open_read,5547
open_read,5640
open_read,3394
open_read,3633
open_read,4688
open_read,4954
open_read,6238
open_read,3016
open_read,3918
open_read,3816
open_read,4803
open_read,5430
open_read,6380
open_read,6389
open_read,4475
open_read,4129
open_read,4570
open_read,5076
open_read,5600
open_read,6596
open_read,3372
open_read,3621
open_read,4583
open_read,5074
open_read,5634
open_read,6294
open_read,3114
open_read,4035
open_read,3944
open_read,5221
open_read,6620
open_read,6161
open_read,2953
open_read,3380
open_read,4451
open_read,4997
open_read,5165
open_read,5403
open_read,6339
open_read,3848
open_read,4173
open_read,4845
open_read,5285
open_read,5746
open_read,6059
open_read,3767
open_read,4995
open_read,4096
open_read,4319
open_read,6028
open_read,5662
open_read,3271
open_read,3900
open_read,4351
open_read,4860
open_read,4952
open_read,3285
open_read,4175
open_read,3888
open_read,4644
open_read,5189
open_read,5678
open_read,3813
open_read,3395
open_read,3982
open_read,4412
open_read,5275
open_read,5833
open_read,6949
open_read,3719
open_read,4321
open_read,4766
open_read,5158
open_read,5581
open_read,5459
open_read,3686
open_read,3917
open_read,4529
open_read,5302
open_read,5310
open_read,5804
open_read,3611
open_read,3543
open_read,4631
open_read,4617
open_read,5646
open_read,6443
open_read,3340
open_read,3206
open_read,4248
open_read,4555
open_read,5328
open_read,5490
open_read,2882
open_read,4696
open_read,3975
open_read,4308
open_read,5242
open_read,5872
open_read,5839
open_read,3683
open_read,3814
open_read,4565
open_read,4936
open_read,5603
open_read,6213
open_read,4020
open_read,4507
open_read,5100
open_read,5054
open_read,6819
open_read,3312
open_read,3871
open_read,4036
open_read,4768
open_read,4862
open_read,6029
open_read,2994
open_read,3454
open_read,3808
open_read,4927
open_read,5304
open_read,5518
open_read,6026
open_read,3412
open_read,4047
open_read,5614
open_read,5319
open_read,5585
open_read,6049
open_read,3264
open_read,3560
open_read,4348
open_read,5240
open_read,5113
open_read,6051
open_read,3294
open_read,3893
open_read,3837
open_read,4932
open_read,5475
open_read,6316
open_read,4140
open_read,4759
open_read,3821
open_read,4954
open_read,5075
open_read,6779
open_read,2970
open_read,3402
open_read,4428
open_read,5112
open_read,5031
open_read,5582
open_read,6113
open_read,3560
open_read,5202
open_read,4776
open_read,6413
open_read,6063
open_read,3268
open_read,3729
open_read,4629
open_read,5432
open_read,5418
open_read,6119
open_read,3274
open_read,4220
open_read,4450
open_read,4855
open_read,5329
open_read,5807
open_read,3006
open_read,3364
open_read,5875
open_read,4723
open_read,5102
open_read,5519
open_read,6275
open_read,3650
open_read,3965
open_read,4427
open_read,5234
open_read,5310
open_read,6299
open_read,3448
open_read,3960
open_read,4405
open_read,4893
open_read,5490
open_read,6935
open_read,3837
open_read,3568
open_read,4468
open_read,4835
open_read,5519
open_read,6019
open_read,3295
open_read,3822
open_read,4559
open_read,5054
open_read,5251
open_read,5711
open_read,3434
open_read,3366
open_read,4097
open_read,6049
open_read,5453
open_read,6281
open_read,3532
open_read,4365
open_read,4086
open_read,4718
open_read,5587
open_read,5665
open_read,3247
open_read,3740
open_read,4116
open_read,4724
open_read,5317
open_read,5737
open_read,3611
open_read,4548
open_read,4513
open_read,5018
open_read,5907
open_read,5744
open_read,2948
open_read,3567
open_read,3957
open_read,5487
open_read,5016
open_read,5447
open_read,2933
open_read,3548
open_read,3784
open_read,4498
open_read,5042
open_read,6814
open_read,5646
open_read,3572
open_read,3719
open_read,3995
open_read,4799
open_read,5107
open_read,6430
open_read,3454
open_read,3835
open_read,4347
open_read,4896
open_read,5245
open_read,5906
open_read,3314
open_read,3673
open_read,5292
open_read,4576
open_read,7322
open_read,2887
open_read,3321
open_read,4150
open_read,4501
open_read,4997
open_read,5540
open_read,6097
open_read,3460
open_read,4273
open_read,4675
open_read,5185
open_read,5458
open_read,5906
open_read,4087
open_read,3741
open_read,4261
open_read,4717
open_read,5791
open_read,6385
open_read,3443
open_read,4291
open_read,4464
open_read,4820
open_read,5534
open_read,6139
open_read,3354
open_read,4194
open_read,4070
open_read,4813
open_read,5900
open_read,5814
open_read,2851
open_read,3113
open_read,4091
open_read,4532
open_read,4667
open_read,5632
open_read,5969
open_read,3294
open_read,4291
open_read,4313
open_read,4831
open_read,5256
open_read,5764
open_read,3234
open_read,4361
open_read,4584
open_read,4768
open_read,5540
stat_enoent,9387
stat_enoent,3559
stat_enoent,3293
stat_enoent,3269
stat_enoent,2965
stat_enoent,2846
stat_enoent,3050
stat_enoent,3025
stat_enoent,2693
stat_enoent,4378
stat_enoent,2966
stat_enoent,2781
stat_enoent,2662
stat_enoent,3034
stat_enoent,2766
stat_enoent,2958
stat_enoent,2891
stat_enoent,2418
stat_enoent,2500
stat_enoent,2858
unlink,29246
unlink,9407
unlink,7695
unlink,8029
unlink,8477
unlink,9130
unlink,9946
unlink,6127
unlink,6894
unlink,7310
unlink,8056
unlink,8281
unlink,9387
unlink,6059
unlink,6828
unlink,7125
unlink,7927
unlink,8254
unlink,9400
unlink,6149
unlink,6832
unlink,7082
unlink,7997
unlink,8541
unlink,8555
unlink,5279
unlink,6281
unlink,6998
unlink,7543
unlink,8352
unlink,8713
unlink,9554
unlink,6310
unlink,148497
unlink,8123
unlink,8165
unlink,8637
unlink,9163
unlink,6055
unlink,6639
unlink,7122
unlink,22172
unlink,8717
unlink,8389
unlink,5156
unlink,5641
unlink,6521
unlink,6963
unlink,7370
unlink,8423
unlink,7985
unlink,7257
unlink,7523
unlink,8394
unlink,8906
unlink,4977
unlink,5917
unlink,6631
unlink,7587
unlink,8135
unlink,9046
unlink,9152
unlink,6033
unlink,7026
unlink,7526
unlink,7979
unlink,8671
unlink,134708
unlink,6431
unlink,6675
unlink,7331
unlink,7826
unlink,8291
unlink,8676
unlink,5817
unlink,6657
unlink,6937
unlink,7803
unlink,8611
unlink,9045
unlink,5280
unlink,6293
unlink,6620
unlink,7859
unlink,8175
unlink,8399
unlink,4859
unlink,6292
unlink,7018
unlink,7415
unlink,7971
unlink,14224
unlink,9121
unlink,5444
unlink,6439
unlink,6725
unlink,7075
unlink,7651
unlink,8247
unlink,5139
unlink,8581
unlink,130993
unlink,8656
unlink,9403
unlink,6000
unlink,6533
unlink,6908
unlink,7367
unlink,8072
unlink,8304
unlink,5101
unlink,6159
unlink,6474
unlink,7407
unlink,7955
unlink,8585
unlink,8858
unlink,6165
unlink,6778
unlink,7154
unlink,7809
unlink,8280
unlink,8795
unlink,6184
unlink,6351
unlink,7499
unlink,7411
unlink,8228
unlink,9261
unlink,5750
unlink,6487
unlink,6757
unlink,7276
unlink,8202
unlink,9120
unlink,128131
unlink,6553
unlink,6981
unlink,7357
unlink,8343
unlink,8792
unlink,10760
unlink,5604
unlink,6293
unlink,6562
unlink,7442
unlink,7829
unlink,8914
unlink,5502
unlink,6166
unlink,9238
unlink,8204
unlink,9028
unlink,5993
unlink,6557
unlink,7195
unlink,7507
unlink,8170
unlink,9487
unlink,5720
unlink,6326
unlink,7313
unlink,7415
unlink,7875
unlink,8396
unlink,5015
unlink,5977
unlink,7220
unlink,7423
unlink,129553
unlink,9213
unlink,9120
unlink,5978
unlink,6745
unlink,7633
unlink,8142
unlink,8586
unlink,9372
unlink,5390
unlink,6602
unlink,7186
unlink,7824
unlink,8494
unlink,9159
unlink,5415
unlink,6733
unlink,7152
unlink,7610
unlink,8433
unlink,9042
unlink,6163
unlink,11541
unlink,6386
unlink,6973
unlink,7440
unlink,7921
unlink,4633
unlink,5569
unlink,6198
unlink,6467
unlink,9741
unlink,9395
unlink,6340
unlink,128814
unlink,7701
unlink,7865
unlink,8080
unlink,8865
unlink,5416
unlink,6635
unlink,7141
unlink,7784
unlink,8327
unlink,8937
unlink,5447
unlink,6159
unlink,7123
unlink,8299
unlink,8659
unlink,8400
unlink,4893
unlink,5946
unlink,6420
unlink,7327
unlink,8148
unlink,8486
unlink,5173
unlink,6657
unlink,6882
unlink,7586
unlink,7596
unlink,8561
unlink,9237
unlink,6305
unlink,6230
unlink,7048
unlink,7865
unlink,128424
unlink,9713
unlink,5918
unlink,6480
unlink,13282
unlink,7402
unlink,7799
unlink,8632
unlink,5266
unlink,5414
unlink,6000
unlink,6915
unlink,7164
unlink,6470
unlink,6271
unlink,6804
unlink,7484
unlink,7754
unlink,8833
unlink,9495
unlink,6042
unlink,6962
unlink,7422
unlink,8179
unlink,8261
unlink,9021
unlink,5854
unlink,6421
unlink,6946
unlink,7700
unlink,8680
unlink,9027
unlink,5456
unlink,6379
unlink,127633
unlink,8422
unlink,8464
unlink,9011
unlink,5932
unlink,5992
unlink,6636
unlink,7688
unlink,8494
unlink,8867
unlink,4773
unlink,6102
unlink,6562
unlink,7165
unlink,8112
unlink,9220
unlink,9120
unlink,6348
unlink,6832
unlink,7648
unlink,12173
unlink,7889
unlink,8135
unlink,5319
unlink,6007
unlink,6389
unlink,6966
unlink,7443
unlink,8105
unlink,8154
unlink,7006
unlink,7328
unlink,7904
unlink,8454
unlink,135507
unlink,7440
unlink,6927
unlink,7608
unlink,7912
unlink,8700
unlink,9144
unlink,6114
unlink,6570
unlink,6984
unlink,8518
unlink,8719
unlink,9059
unlink,5906
unlink,6567
unlink,7265
unlink,7636
unlink,8538
unlink,8892
unlink,6030
unlink,6223
unlink,6994
unlink,7350
unlink,8418
unlink,8549
unlink,6438
unlink,6467
unlink,6768
unlink,7075
unlink,7730
unlink,8518
unlink,5190
unlink,6084
unlink,6894
unlink,128640
unlink,8295
unlink,13980
unlink,8794
unlink,5456
unlink,6150
unlink,6921
unlink,7891
unlink,7425
unlink,8487
unlink,5165
unlink,9118
unlink,7803
unlink,8618
unlink,8741
unlink,5735
unlink,6546
unlink,7151
unlink,7462
unlink,8170
unlink,8662
unlink,5142
unlink,5991
unlink,6797
unlink,7476
unlink,7750
unlink,8714
unlink,9151
unlink,6058
unlink,6841
unlink,7463
unlink,8242
unlink,8420
unlink,9119
unlink,127750
unlink,6973
unlink,7044
unlink,7553
unlink,8182
unlink,9334
unlink,5448
unlink,6494
unlink,6762
unlink,7848
unlink,8520
unlink,8783
unlink,5727
unlink,6340
unlink,7009
unlink,7894
unlink,7766
unlink,8782
unlink,10081
unlink,5830
unlink,6223
unlink,6612
unlink,7626
unlink,7979
unlink,8516
unlink,5045
unlink,6033
unlink,8983
unlink,8226
unlink,8912
unlink,5788
unlink,6612
unlink,6815
unlink,7629
unlink,131581
unlink,9829
unlink,5798
unlink,6365
unlink,7210
unlink,7610
unlink,8266
unlink,8640
unlink,4844
unlink,5754
unlink,6935
unlink,7348
unlink,8370
unlink,8488
unlink,5038
unlink,5774
unlink,6629
unlink,7500
unlink,8227
unlink,8670
unlink,9437
unlink,6544
unlink,7113
unlink,6924
unlink,7429
unlink,8278
unlink,8879
unlink,5710
unlink,6049
unlink,6665
unlink,7622
unlink,8026
unlink,9023
unlink,5890
unlink,134380
unlink,6734
unlink,7219
unlink,7887
unlink,8341
unlink,4287
unlink,5595
unlink,6657
unlink,6456
unlink,10358
unlink,9083
unlink,5929
unlink,6678
unlink,7069
unlink,8283
unlink,8369
unlink,8403
unlink,5543
unlink,6237
unlink,6737
unlink,7670
unlink,8419
unlink,8947
unlink,6023
unlink,6674
unlink,6948
unlink,7783
unlink,8185
unlink,8909
unlink,5779
unlink,6364
unlink,6640
unlink,7050
unlink,8203
unlink,132359
unlink,5222
unlink,6205
unlink,6475
unlink,7007
unlink,7595
unlink,8238
unlink,9093
unlink,6424
unlink,6885
unlink,7726
unlink,7961
unlink,8135
unlink,8714
unlink,5935
unlink,6452
unlink,11641
unlink,7699
unlink,7714
unlink,8184
unlink,4693
unlink,5529
unlink,6447
unlink,6751
unlink,196933
unlink,10259
unlink,6746
unlink,6783
unlink,7423
unlink,7948
unlink,8832
unlink,9433
unlink,5885
unlink,6487
unlink,134288
unlink,8212
unlink,8640
unlink,9283
unlink,5428
unlink,6763
unlink,6864
unlink,7703
unlink,8083
unlink,8815
unlink,5340
unlink,6365
unlink,6973
unlink,7290
unlink,8146
unlink,8749
unlink,5805
unlink,6416
unlink,6652
unlink,7103
unlink,8082
unlink,8832
unlink,4888
unlink,6342
unlink,6417
unlink,6929
unlink,7788
unlink,8545
unlink,9226
unlink,5955
unlink,6354
unlink,7419
unlink,15052
unlink,8019
unlink,130744
unlink,5392
unlink,5630
unlink,6119
unlink,6658
unlink,7662
unlink,8056
unlink,8259
unlink,6729
unlink,7440
unlink,8265
unlink,8871
unlink,4820
unlink,6108
unlink,6709
unlink,7333
unlink,7708
unlink,8256
unlink,5314
unlink,5992
unlink,6747
unlink,7151
unlink,7823
unlink,8661
unlink,9036
unlink,5680
unlink,6686
unlink,6986
unlink,7611
unlink,8303
unlink,9082
unlink,6030
unlink,6359
unlink,6705
unlink,130933
unlink,8712
unlink,9006
unlink,5763
unlink,6226
unlink,7128
unlink,7471
unlink,8335
unlink,8350
unlink,4749
unlink,6147
unlink,6942
unlink,7052
unlink,7924
unlink,13991
unlink,8630
unlink,4983
unlink,6201
unlink,6649
unlink,7040
unlink,7626
unlink,8343
unlink,5415
unlink,8363
unlink,7915
unlink,7697
unlink,9113
unlink,5675
unlink,6305
unlink,6969
unlink,7498
unlink,8163
unlink,8693
unlink,5768
unlink,128032
unlink,6976
unlink,6961
unlink,8009
unlink,8344
unlink,5144
unlink,5623
unlink,6573
unlink,7515
unlink,7874
unlink,8436
unlink,8805
unlink,5905
unlink,6374
unlink,7320
unlink,7394
unlink,7719
unlink,8537
unlink,5479
unlink,6335
unlink,6969
unlink,7445
unlink,8209
unlink,8965
unlink,5393
unlink,6286
unlink,6823
unlink,7547
unlink,8217
unlink,8844
unlink,9788
unlink,5535
unlink,6122
unlink,6904
unlink,136937
unlink,8528
unlink,4426
unlink,5297
unlink,6257
unlink,9045
unlink,8745
unlink,8991
unlink,5765
unlink,6521
unlink,7084
unlink,7748
unlink,8092
unlink,8438
unlink,5577
unlink,6253
unlink,6751
unlink,7255
unlink,7999
unlink,8587
unlink,5835
unlink,5992
unlink,7207
unlink,7137
unlink,7837
unlink,8556
unlink,5028
unlink,5815
unlink,6346
unlink,7557
unlink,8069
unlink,8592
unlink,8973
unlink,6281
unlink,130474
unlink,7540
unlink,7866
unlink,8568
unlink,8609
unlink,5718
unlink,6076
unlink,6922
unlink,7767
unlink,8145
unlink,8675
unlink,5748
unlink,10959
unlink,6426
unlink,7287
unlink,7429
unlink,8217
unlink,5161
unlink,5631
unlink,6072
unlink,6459
unlink,9991
unlink,5138
unlink,5876
unlink,6719
unlink,7218
unlink,8006
unlink,8551
unlink,8884
unlink,5920
unlink,6482
unlink,6721
unlink,7399
unlink,8407
unlink,131100
unlink,6261
unlink,6499
unlink,6955
unlink,7400
unlink,13345
unlink,9059
unlink,5651
unlink,6474
unlink,6839
unlink,7105
unlink,7977
unlink,8446
unlink,4989
unlink,5951
unlink,14300
unlink,7305
unlink,7634
unlink,8281
unlink,9321
unlink,6097
unlink,6739
unlink,7504
unlink,7988
unlink,8436
unlink,8561
unlink,5665
unlink,6335
unlink,11811
unlink,7027
unlink,7413
unlink,23363
unlink,5144
unlink,5595
unlink,129658
unlink,7333
unlink,7376
unlink,7247
unlink,5984
unlink,6666
unlink,7399
unlink,8108
unlink,8542
unlink,5027
unlink,5642
unlink,6453
unlink,6932
unlink,8021
unlink,8504
unlink,9071
unlink,5948
unlink,6341
unlink,7413
unlink,7369
unlink,8080
unlink,8590
unlink,5375
unlink,6347
unlink,6862
unlink,7432
unlink,7870
unlink,8610
unlink,5746
unlink,5970
unlink,7249
unlink,7468
unlink,8211
unlink,8692
unlink,126898
unlink,35112
unlink,7264
unlink,7055
unlink,7866
unlink,8472
unlink,5195
unlink,5864
unlink,6471
unlink,7132
unlink,13082
unlink,8220
unlink,8434
unlink,5435
unlink,5918
unlink,6300
unlink,6517
unlink,7453
unlink,7748
unlink,7676
unlink,7122
unlink,7643
unlink,7887
unlink,9097
unlink,5737
unlink,6291
unlink,6880
unlink,7610
unlink,7923
unlink,8324
unlink,5039
unlink,6137
unlink,6351
unlink,7157
unlink,130329
unlink,8732
unlink,8968
unlink,6235
unlink,6544
unlink,7401
unlink,8162
unlink,8321
unlink,9031
unlink,5782
unlink,6196
unlink,6887
unlink,7956
unlink,8203
unlink,8721
unlink,5838
unlink,6254
unlink,7263
unlink,7711
unlink,8138
unlink,8998
unlink,5526
unlink,6019
unlink,6586
unlink,7412
unlink,7749
unlink,14145
unlink,4593
unlink,5294
unlink,5733
unlink,6839
unlink,6961
unlink,7718
unlink,8234
unlink,128255
unlink,8846
unlink,7446
unlink,8567
unlink,60374
unlink,6412
unlink,6589
unlink,6786
unlink,7251
unlink,8023
unlink,8834
unlink,5479
unlink,6149
unlink,7115
unlink,7383
unlink,7791
unlink,8623
unlink,4981
unlink,6356
unlink,6698
unlink,7143
unlink,7807
unlink,8228
unlink,9390
unlink,6166
unlink,6348
unlink,7367
unlink,7849
unlink,8171
unlink,8930
unlink,5768
unlink,6098
unlink,6907
unlink,7620
unlink,130203
unlink,9183
unlink,5617
unlink,6431
unlink,6907
unlink,7683
unlink,8183
unlink,8798
unlink,10700
unlink,5724
unlink,6185
unlink,7230
unlink,7117
unlink,7955
unlink,4671
unlink,5250
unlink,5851
unlink,9514
unlink,8749
unlink,8829
unlink,5838
unlink,6364
unlink,6687
unlink,7328
unlink,8127
unlink,8488
unlink,5412
unlink,6421
unlink,6574
unlink,7451
unlink,8255
unlink,8311
unlink,5300
unlink,6182
unlink,130820
unlink,7946
unlink,8154
unlink,8260
unlink,4738
unlink,5621
unlink,6475
unlink,7316
unlink,7515
unlink,8304
unlink,5140
unlink,5879
unlink,6363
unlink,6916
unlink,8079
unlink,8321
unlink,8776
unlink,5798
unlink,6244
unlink,6704
unlink,7496
unlink,8001
unlink,8851
unlink,5440
unlink,10980
unlink,6239
unlink,6876
unlink,7519
unlink,8138
unlink,5009
unlink,5470
unlink,6123
unlink,6462
unlink,9660
unlink,128407
unlink,6388
unlink,6507
unlink,6891
unlink,7565
unlink,8127
unlink,9529
unlink,5886
unlink,6654
unlink,7115
unlink,7942
unlink,7936
unlink,8547
unlink,5628
unlink,6333
unlink,6960
unlink,7268
unlink,8039
unlink,8500
unlink,5549
unlink,6297
unlink,6847
unlink,7528
unlink,7850
unlink,8327
unlink,5452
unlink,5885
unlink,6575
unlink,6844
unlink,7766
unlink,8796
unlink,4904
unlink,5794
unlink,6653
unlink,128624
unlink,8135
unlink,8508
unlink,9080
unlink,13424
unlink,6782
unlink,12602
unlink,6851
unlink,7176
unlink,8200
unlink,5189
unlink,5715
unlink,6137
unlink,6689
unlink,23426
