create,6552399
create,5832650
create,5774287
create,5800519
create,7385149
create,10280628
create,6664484
create,7081440
create,6540016
create,15479151
create,6397316
create,11907025
create,10330552
create,6259008
create,6030936
create,6551138
create,5967413
create,7049995
create,6258005
create,5409089
create,5780690
create,5614631
create,5988110
create,7073185
create,6109562
create,6410611
create,10539646
create,6249663
create,6122880
create,6846733
create,6715565
create,7297436
create,5709016
create,6564262
create,7630084
create,7678740
create,6207114
create,6538835
create,6674470
create,6341379
create,7217319
create,6403226
create,6394574
create,6825320
create,6075448
create,6543876
create,6028049
create,6233645
create,6487693
create,6950547
create,7614193
create,5702769
create,5731329
create,6404221
create,7951847
create,7408665
create,5459472
create,5793738
create,5816977
create,6850429
create,6065889
create,6337925
create,5711109
create,5965026
create,7211299
create,7087579
create,7602816
create,7236218
create,5495241
create,5425945
create,5965512
create,6529600
create,7034336
create,7373450
create,10185782
create,6019654
create,5792483
create,6172241
create,6337532
create,6352663
create,5540436
create,5412027
create,5596026
create,12771869
create,18253927
create,8316872
create,5616460
create,5628394
create,11467315
create,6061147
create,7021197
create,7470541
create,6368405
create,5799124
create,5959158
create,6027233
create,9723466
create,7844583
create,7675048
create,5709184
create,7712495
create,6147672
create,6114173
create,5907551
create,5413239
create,6379190
create,6637446
create,6986261
create,5958067
create,6534794
create,5241906
create,11294698
create,8963813
create,5994567
create,6672752
create,6284092
create,8924586
create,6435952
create,6272678
create,6771503
create,6829077
create,8088647
create,5970859
create,5552071
create,5737510
create,6354452
create,6636962
create,6026555
create,8618595
create,6095875
create,6337154
create,5715643
create,5651336
create,6894862
create,6137862
create,5834227
create,10688673
create,6206281
create,6057901
create,6095586
create,6884757
create,5486642
create,6055471
create,7060743
create,6784308
create,6276123
create,6457053
create,7170960
create,6546455
create,5663429
create,7518848
create,6276587
create,8790521
create,5668857
create,5550006
create,5796290
create,5837427
create,7380734
create,6355843
create,12498951
create,5993283
create,6053136
create,5959562
create,7783774
create,6129097
create,6394714
create,5941240
create,6207041
create,6943506
create,6768069
create,6287410
create,6745152
create,5607752
create,9131151
create,5788709
create,6384925
create,6235318
create,6971698
create,5617379
create,8352464
create,5728777
create,6189488
create,6093639
create,5809623
create,5253416
create,5721430
create,6185255
create,6869810
create,6737613
create,6555380
create,5684852
create,5968382
create,5816841
create,5673318
create,6844963
create,9861190
create,5410615
create,5826430
create,7034959
create,6488533
create,9858990
create,6353209
create,5855569
create,6185603
create,8623117
create,6669120
create,6629396
create,6616739
create,6045312
create,5469214
create,5766183
create,6300140
create,6724663
create,6197209
create,5089419
create,6084657
create,6852065
create,8795576
create,6268449
create,6615364
create,6541284
create,6469279
create,5971094
create,7111225
create,6294938
create,6177769
create,5225277
create,5633383
create,6204367
create,7522552
create,6188085
create,6720095
create,6845154
create,5422410
create,5382785
create,6142336
create,6809234
create,6548390
create,7870759
create,5573732
create,5559678
create,5885371
create,6140177
create,6428684
create,6612913
create,5615650
create,5989508
create,6647229
create,6691863
create,6461386
create,6658944
create,5505275
create,5990559
create,5795675
create,6208682
create,6679436
create,6985663
create,5455001
create,6642810
create,6964535
create,6880033
create,6510785
create,6413386
create,6047692
create,5944901
create,6490470
create,6110209
create,6708152
create,7606704
create,6255667
create,5805412
create,5932877
create,6433748
create,7570502
create,6406242
create,5674184
create,5670646
create,5837854
create,6182598
create,6763640
create,6522739
create,5526100
create,5814749
create,5987642
create,6507295
create,7405628
create,7009507
create,6503414
create,5908507
create,6716870
create,7555010
create,6331467
create,6759323
create,6482377
create,5377270
create,5491229
create,6362038
create,5696841
create,6949016
create,7687821
create,10108190
create,6129023
create,5980753
create,6180659
create,6708905
create,6461357
create,6172860
create,6158771
create,6379494
create,6826295
create,6504953
create,6773013
create,5505907
create,9475723
create,5640043
create,5778065
create,6305836
create,6368596
create,6210451
create,5884352
create,5874864
create,6004331
create,6317463
create,6022865
create,5828747
create,5922281
create,5891116
create,5982410
create,13247229
create,7081175
create,5433580
create,5802456
create,6303397
create,6267078
create,6580913
create,6527624
create,5344298
create,5652885
create,5976862
create,6984301
create,6166143
create,6603348
create,6923331
create,5883629
create,5918966
create,6352718
create,6197863
create,6811741
create,7654949
create,6622939
create,7959610
create,7346804
create,6752808
create,6718156
create,5754244
create,7859648
create,5916298
create,6343153
create,7201535
create,6273032
create,6612944
create,5929863
create,5665052
create,5826042
create,7121759
create,6660518
create,6634721
create,5623867
create,5974664
create,7291274
create,6632973
create,14338325
create,8338259
create,5597622
create,5905751
create,6685720
create,6712687
create,9561001
create,7069085
create,5624011
create,5996710
create,5997105
create,6193721
create,6252688
create,6718004
create,5496722
create,5538787
create,5912983
create,6497249
create,7017100
create,6557103
create,5772315
create,5577588
create,5873200
create,6270189
create,6281762
create,6504917
create,7474336
create,6547196
create,6690450
create,7620325
create,6280474
create,6972423
create,6285970
create,5804917
create,5896226
create,6340756
create,6668289
create,7308023
create,5381049
create,5661082
create,5788781
create,6118246
create,6279743
create,5997191
create,5483099
create,5565069
create,5753811
create,6790954
create,7471028
create,6817084
create,5594545
create,6274855
create,5957654
create,5720271
create,6448466
create,6182094
create,16963763
create,6351582
create,6548144
create,6904350
create,6612542
create,7543915
create,8215866
create,5725619
create,5430309
create,6008381
create,6189558
create,6682412
create,6926893
create,5687917
create,5751514
create,5729780
create,5849258
create,7004720
create,6992673
create,5328774
create,6189755
create,5921611
create,6078495
create,8114968
create,6823906
create,5467734
create,5745078
create,6872884
create,7342690
create,6596253
create,6630122
create,5571526
create,5867138
create,7176905
create,9110622
create,6228568
create,6885897
create,5445092
create,5558810
create,5776653
create,6754381
create,7150448
create,7418677
create,6720147
create,6301399
create,9542909
create,5984968
create,5996532
create,6832326
create,5572529
create,5477433
create,5749024
create,5953005
create,9173314
create,7360505
create,13172005
create,5591856
create,6011471
create,6005092
create,6118348
create,6379136
create,9260803
create,5321405
create,5840472
create,7064617
create,7031157
create,6084466
create,6373498
create,5843762
create,6022435
create,5676728
create,5979725
create,7574897
create,6342891
create,5553666
create,6713370
create,5976012
create,6277499
create,6266989
create,7342974
create,8065775
create,5705115
create,5881265
create,6113385
create,6756067
create,7214042
create,5964574
create,5935812
create,6000574
create,5703166
create,6157205
create,5911137
create,5451671
create,5573578
create,7130403
create,6096692
create,6430164
create,6167807
create,5459637
create,5943750
create,5650608
create,6053800
create,6266489
create,7198398
create,5971556
create,6213494
create,8259008
create,6008358
create,6100544
create,6030555
create,6530192
create,6573283
create,5827065
create,5811917
create,6382673
create,9740310
create,6435094
create,5464132
create,6438658
create,6253700
create,5703438
create,6145871
create,6420145
create,10935382
create,6696607
create,5874831
create,7104836
create,8553742
create,5227873
create,6164259
create,5779516
create,6435436
create,6895797
create,7103522
create,6390453
create,9704948
create,6624748
create,5892811
create,6046463
create,6133690
create,6641972
create,5305907
create,6041531
create,5748795
create,6303461
create,7025318
create,6601692
create,13495589
create,5888846
create,6011424
create,5849900
create,6490483
create,6122706
create,5363533
create,5754383
create,6818041
create,6436424
create,6565956
create,9470137
create,5619704
create,6282806
create,7106605
create,6164554
create,7482443
create,6377680
create,7410735
create,6231310
create,9735957
create,5956408
create,9142607
create,6296127
create,6172735
create,7618291
create,10198611
create,6197493
create,7493369
create,6545494
create,6332031
create,8071230
create,5877660
create,5876848
create,6041018
create,5902242
create,5932304
create,5972258
create,6097447
create,6446927
create,5943494
create,5699709
create,5101797
create,6162394
create,5898121
create,5551290
create,6027236
create,6111965
create,6828492
create,6271321
create,6072609
create,5791151
create,6065676
create,6099101
create,7304541
create,5437104
create,5243143
create,5852054
create,6824020
create,11291794
create,5952802
create,5328065
create,6353978
create,6473005
create,5809806
create,6258425
create,6442211
create,5323874
create,5683236
create,7075540
create,6897261
create,6841811
create,5984828
create,5476903
create,5768910
create,5552160
create,8122784
create,6342610
create,7114334
create,6092808
create,6134945
create,7355477
create,6150594
create,6452477
create,15647643
create,5825138
create,5486453
create,5906483
create,8004162
create,6272455
create,6615144
create,6283190
create,6018656
create,5841161
create,5837823
create,7175854
create,6380433
create,5796718
create,5829131
create,5873303
create,6367317
create,7205257
create,6155002
create,7485359
create,6238663
create,6074137
create,5623777
create,7640314
create,6116199
create,6913513
create,6640996
create,5719067
create,5615764
create,6310159
create,6579449
create,7905326
create,5476998
create,5609618
create,6034997
create,6408902
create,7013803
create,6477709
create,5392391
create,5407414
create,5817570
create,5722392
create,7938302
create,5331584
create,5103987
create,5485093
create,6179698
create,7363254
create,6636843
create,6565066
create,5746718
create,5787099
create,5918121
create,5841925
create,5990056
create,6334771
create,7093588
create,6184678
create,5839333
create,5947360
create,6260416
create,6197781
create,5305416
create,5543298
create,8675513
create,6604269
create,8702430
create,6261072
create,5653831
create,5923482
create,5902969
create,7284196
create,6516477
create,6521411
create,6296764
create,6005076
create,7118198
create,6338688
create,6495492
create,6071800
create,16566002
create,5561778
create,7911783
create,6213867
create,5814913
create,7509701
create,6796492
create,5988878
create,5921828
create,6212363
create,6378262
create,6513833
create,6732543
create,5690721
create,5790755
create,5910651
create,6745530
create,8918673
create,5421664
create,6783399
create,5535397
create,5773468
create,6261312
create,6131877
create,6543428
create,5320430
create,5549491
create,5850245
create,7507721
create,7008089
create,6560892
create,5543204
create,6175948
create,6040859
create,8552347
create,6587121
create,7188812
create,6189116
create,5813205
create,6104830
create,6373263
create,6811589
create,6202434
create,5062285
create,5641669
create,5701925
create,6117042
create,6354541
create,6801024
create,10667032
create,5677927
create,5901335
create,6148500
create,5948565
create,6758508
create,6926593
create,5606456
create,5660522
create,6584556
create,8086657
create,7144561
create,6633107
create,6760835
create,5818758
create,6056839
create,6340567
create,6020221
create,5606815
create,6154187
create,5792805
create,6325913
create,6793190
create,6985262
create,5351652
create,5683879
create,6250804
create,5532204
create,6568542
create,6811331
create,6278060
create,6147470
create,7528515
create,6540048
create,6213451
create,6373140
create,6520515
create,5433990
create,5972104
create,7462301
create,6373104
create,6434449
create,7884206
create,5388082
create,5623628
create,5819264
create,6166748
create,6215395
create,7232285
create,6216719
create,5607371
create,5671456
create,5674183
create,6045464
create,5933417
create,5388889
create,5400702
create,6773650
create,7092739
create,9706703
create,6994731
create,7901103
create,5679697
create,7920895
create,6054815
create,6581305
create,6016121
create,5309683
create,5428973
create,6845986
create,6505871
create,6429432
create,6116167
create,5167334
create,5507291
create,5706176
create,9298518
create,6130529
create,6839799
create,6078699
create,6256678
create,6849608
create,6205113
create,7123229
create,6959020
create,6649928
create,5398540
create,5885120
create,6060852
create,6415655
create,6732593
create,6396106
create,5643491
create,5663012
create,5757481
create,6398859
create,5965647
create,5949180
create,5441136
create,5770774
create,6777910
create,6202205
create,6637977
create,7132139
create,7295274
create,5375297
create,5771063
create,5630445
create,9742723
create,6774725
create,7691715
create,5473895
create,5857119
create,7766026
create,6395690
create,6749921
create,5816064
create,5657860
create,5686076
create,8617817
create,6723204
create,6028937
create,5431140
create,5301383
create,5964651
create,6515915
create,6483230
create,11193476
create,5772958
create,6387538
create,6545354
create,5810860
create,5962894
create,6191319
create,6004920
create,5695885
create,10987308
create,5642760
create,11133105
create,6381261
create,7979033
create,5458032
create,7599072
create,5983364
create,6035506
create,6110670
create,6890833
create,6263811
create,7818953
create,5615381
create,6139820
create,7796122
create,6218885
create,5597792
create,5391782
create,17809313
create,7430360
create,6319858
create,8575127
create,5250630
create,6006423
create,7413641
create,10241171
create,7654420
create,5207637
create,5467859
create,5768711
create,7683279
create,6901016
create,5830290
create,6641052
create,6122989
create,9221960
create,7083338
create,7817899
create,5804383
create,6418273
create,5985176
create,5337591
create,6051144
create,5989134
create,6790017
create,6249922
create,5282562
create,5482048
create,6375080
create,5482671
create,6623917
create,6388285
create,5352258
create,5677266
create,5726245
create,8993695
create,6335236
create,8592909
create,4932797
create,5646144
create,6319213
create,7093642
create,7964924
create,6434555
create,10148081
create,5950163
create,6286403
create,5876845
create,5888606
create,6077680
create,5790456
create,5373290
create,5702950
create,6012570
create,6154528
create,6672694
stat,803290
stat,820234
stat,778403
stat,735375
stat,659107
stat,738053
stat,724540
stat,702015
stat,674379
stat,670588
stat,748551
stat,718009
stat,844388
stat,666892
stat,704770
stat,756376
stat,704810
stat,713060
stat,732766
stat,686862
stat,662998
stat,664696
stat,682498
stat,648263
stat,648669
stat,688905
stat,664442
stat,698273
stat,640905
stat,677531
stat,758354
stat,629817
stat,800408
stat,640805
stat,679712
stat,657365
stat,663787
stat,669381
stat,682785
stat,667269
stat,698237
stat,676721
stat,691095
stat,664150
stat,683096
stat,738621
stat,657813
stat,773784
stat,757773
stat,647059
stat,707734
stat,699117
stat,694818
stat,646382
stat,683935
stat,657616
stat,669817
stat,650070
stat,663100
stat,828609
stat,689568
stat,694239
stat,734431
stat,776996
stat,662274
stat,663493
stat,677627
stat,721643
stat,727244
stat,735606
stat,693889
stat,686296
stat,714599
stat,669199
stat,717220
stat,706134
stat,670414
stat,692502
stat,683978
stat,693548
stat,701157
stat,703948
stat,618040
stat,706721
stat,671543
stat,645388
stat,718147
stat,903814
stat,791351
stat,685702
stat,698697
stat,680852
stat,723707
stat,729732
stat,696683
stat,724907
stat,730795
stat,696638
stat,694918
stat,694627
stat,650392
stat,717174
stat,690811
stat,710570
stat,655132
stat,662453
stat,690090
stat,595173
stat,680708
stat,726258
stat,621772
stat,759489
stat,660100
stat,659879
stat,710050
stat,685832
stat,704402
stat,705982
stat,652471
stat,670072
stat,718039
stat,695254
stat,671363
stat,757453
stat,658059
stat,621164
stat,681423
stat,698093
stat,657012
stat,679976
stat,728908
stat,664813
stat,732672
stat,683738
stat,700835
stat,705794
stat,662760
stat,714828
stat,754222
stat,705029
stat,662885
stat,661773
stat,723790
stat,642721
stat,732021
stat,745412
stat,737470
stat,717459
stat,695935
stat,708684
stat,700581
stat,776143
stat,683157
stat,685928
stat,691448
stat,906085
stat,720175
stat,758968
stat,739490
stat,747784
stat,689528
stat,678037
stat,642125
stat,753619
stat,720902
stat,700939
stat,713818
stat,660291
stat,717730
stat,764407
stat,632981
stat,675384
stat,704914
stat,708003
stat,744922
stat,734497
stat,708211
stat,790157
stat,652808
stat,733930
stat,768353
stat,808251
stat,697501
stat,744311
stat,709716
stat,768697
stat,685446
stat,709825
stat,718990
stat,682266
stat,662900
stat,713293
stat,653546
stat,723110
stat,678440
stat,682905
stat,734338
stat,709719
stat,697047
stat,688560
stat,747285
stat,736737
stat,745030
stat,734115
stat,672186
stat,675514
stat,721839
stat,705369
stat,699671
stat,721608
stat,663642
stat,685999
stat,649440
stat,724180
stat,715313
stat,822358
stat,735322
stat,681279
stat,717730
stat,673893
stat,676918
stat,679847
stat,624899
stat,707324
stat,740579
stat,672821
stat,676698
stat,722990
stat,716287
stat,717742
stat,665993
stat,647712
stat,756236
stat,671490
stat,715427
stat,707060
stat,655123
stat,661164
stat,685297
stat,670719
stat,774441
stat,680178
stat,682344
stat,709034
stat,665884
stat,687680
stat,711260
stat,697962
stat,691091
stat,661305
stat,663851
stat,741718
stat,646320
stat,673781
stat,694991
stat,644674
stat,640205
stat,661933
stat,812902
stat,669611
stat,715945
stat,684160
stat,721724
stat,726054
stat,659384
stat,623745
stat,651253
stat,652000
stat,665742
stat,661388
stat,668613
stat,688177
stat,736075
stat,694219
stat,725156
stat,720404
stat,712061
stat,645036
stat,702423
stat,611090
stat,704958
stat,676542
stat,638265
stat,659839
stat,637669
stat,644733
stat,686600
stat,803400
stat,686829
stat,700764
stat,727020
stat,704742
stat,667514
stat,698857
stat,668938
stat,736799
stat,631351
stat,721974
stat,686136
stat,679032
stat,699536
stat,658205
stat,669752
stat,722914
stat,634883
stat,652510
stat,640600
stat,658349
stat,700555
stat,662674
stat,646443
stat,709045
stat,658656
stat,636438
stat,667207
stat,686884
stat,814323
stat,762891
stat,700327
stat,664385
stat,657625
stat,809669
stat,672961
stat,667818
stat,671743
stat,715594
stat,613572
stat,719614
stat,660999
stat,717064
stat,655376
stat,735180
stat,736477
stat,703119
stat,656265
stat,686050
stat,677585
stat,617091
stat,689383
stat,662794
stat,679154
stat,698671
stat,735900
stat,742050
stat,712644
stat,667880
stat,695470
stat,676269
stat,650022
stat,689364
stat,731585
stat,739785
stat,713977
stat,681892
stat,684659
stat,669519
stat,715286
stat,669301
stat,690949
stat,636610
stat,651233
stat,689258
stat,694371
stat,646023
stat,728781
stat,672365
stat,620679
stat,666581
stat,670210
stat,629583
stat,713574
stat,674121
stat,692982
stat,723858
stat,689040
stat,697358
stat,674110
stat,606212
stat,671322
stat,707554
stat,683992
stat,774376
stat,726488
stat,680465
stat,660892
stat,710351
stat,692052
stat,661162
stat,661485
stat,669706
stat,806208
stat,704916
stat,671833
stat,616291
stat,656059
stat,642564
stat,695349
stat,677493
stat,683593
stat,643272
stat,676048
stat,607873
stat,648845
stat,709878
stat,706272
stat,642175
stat,654659
stat,697878
stat,709852
stat,707896
stat,681443
stat,703567
stat,706805
stat,713111
stat,685756
stat,734757
stat,658109
stat,746376
stat,717031
stat,665233
stat,700711
stat,666654
stat,692475
stat,659628
stat,647906
stat,651808
stat,753653
stat,664924
stat,736192
stat,670826
stat,660580
stat,685953
stat,640252
stat,913946
stat,724117
stat,698165
stat,696578
stat,713226
stat,700102
stat,793306
stat,658168
stat,679130
stat,654995
stat,667028
stat,682816
stat,803567
stat,699771
stat,754925
stat,759040
stat,728619
stat,734678
stat,776012
stat,676693
stat,771067
stat,660242
stat,718908
stat,658650
stat,723822
stat,720426
stat,729426
stat,713189
stat,699053
stat,652942
stat,630396
stat,733422
stat,733839
stat,684402
stat,688504
stat,700418
stat,656581
stat,670406
stat,725967
stat,731803
stat,664738
stat,657763
stat,761388
stat,746073
stat,704718
stat,771769
stat,700775
stat,708293
stat,664450
stat,695918
stat,658735
stat,655436
stat,685957
stat,710847
stat,617657
stat,739870
stat,700712
stat,688446
stat,672344
stat,688957
stat,789967
stat,692592
stat,706284
stat,791200
stat,814784
stat,739933
stat,726181
stat,700295
stat,662442
stat,686051
stat,772808
stat,680488
stat,708674
stat,663828
stat,668216
stat,673483
stat,758591
stat,765311
stat,687020
stat,645154
stat,719087
stat,695881
stat,691324
stat,692710
stat,764189
stat,757591
stat,660761
stat,646564
stat,663941
stat,750292
stat,693332
stat,701517
stat,636796
stat,687439
stat,651640
stat,667049
stat,657386
stat,647195
stat,661728
stat,711542
stat,799449
stat,839973
stat,705052
stat,677818
stat,700522
stat,698506
stat,699310
stat,681810
stat,615448
stat,640006
stat,696237
stat,642175
stat,638350
stat,838812
stat,870034
stat,672257
stat,711497
stat,701777
stat,679948
stat,688122
stat,731817
stat,680937
stat,654784
stat,699878
stat,642570
stat,787161
stat,643073
stat,671189
stat,723859
stat,751303
stat,684274
stat,654231
stat,673277
stat,694339
stat,699311
stat,725768
stat,703961
stat,762934
stat,738628
stat,661839
stat,751666
stat,716018
stat,687939
stat,662283
stat,664949
stat,712621
stat,678508
stat,697184
stat,681156
stat,624886
stat,631875
stat,679440
stat,653313
stat,705946
stat,748694
stat,746327
stat,695127
stat,834722
stat,695403
stat,691338
stat,725472
stat,749580
stat,773336
stat,720136
stat,676273
stat,701272
stat,698003
stat,704215
stat,775604
stat,694224
stat,750723
stat,691997
stat,4098
stat,3573
stat,3799
stat,3692
stat,3401
stat,2565
stat,2433
stat,1978
stat,2061
stat,1896
stat,1877
stat,1792
stat,1762
stat,1779
stat,1983
stat,1993
stat,2181
stat,2083
stat,1713
stat,1892
stat,1874
stat,1955
stat,1755
stat,1751
stat,1884
stat,1659
stat,1748
stat,1970
stat,1902
stat,2114
stat,1867
stat,2023
stat,1777
stat,1964
stat,1824
stat,14325
stat,2192
stat,1949
stat,1803
stat,1862
stat,2028
stat,1900
stat,1738
stat,1827
stat,1790
stat,3301
stat,1863
stat,1850
stat,1836
stat,1701
stat,1814
stat,1813
stat,1766
stat,1872
stat,1624
stat,1666
stat,1695
stat,1763
stat,1743
stat,1770
stat,1759
stat,1838
stat,1677
stat,1853
stat,1732
stat,1824
stat,1666
stat,1708
stat,1531
stat,1795
stat,1586
stat,1639
stat,1737
stat,1564
stat,1835
stat,1874
stat,1540
stat,1899
stat,2015
stat,1663
stat,1812
stat,1616
stat,1835
stat,1873
stat,1559
stat,1595
stat,1790
stat,1675
stat,1651
stat,1489
stat,1573
stat,1885
stat,1942
stat,1716
stat,1812
stat,3117
stat,1665
stat,1782
stat,1796
stat,1651
stat,1757
stat,2028
stat,1737
stat,1731
stat,1800
stat,1791
stat,1733
stat,1750
stat,1788
stat,1600
stat,1689
stat,1556
stat,1888
stat,1706
stat,1530
stat,1637
stat,1742
stat,1509
stat,2002
stat,1869
stat,1666
stat,1618
stat,1746
stat,1644
stat,1832
stat,1733
stat,1794
stat,1741
stat,1681
stat,1629
stat,1532
stat,1637
stat,1683
stat,1606
stat,1538
stat,1718
stat,1644
stat,1663
stat,1661
stat,1927
stat,1735
stat,1787
stat,1777
stat,1620
stat,1801
stat,3170
stat,1723
stat,1699
stat,1731
stat,2021
stat,1771
stat,1715
stat,1768
stat,1627
stat,1594
stat,1758
stat,1687
stat,1543
stat,1655
stat,1886
stat,1727
stat,1703
stat,1592
stat,1625
stat,1582
stat,1667
stat,1660
stat,1675
stat,1883
stat,1732
stat,1707
stat,1458
stat,1546
stat,1664
stat,1790
stat,1640
stat,1709
stat,1432
stat,1576
stat,1883
stat,1784
stat,1893
stat,1487
stat,1859
stat,1819
stat,2071
stat,1668
stat,1566
stat,1558
stat,1636
stat,1695
stat,1752
stat,1876
stat,1685
stat,1617
stat,2617
stat,1631
stat,1563
stat,1564
stat,1554
stat,1590
stat,1576
stat,1879
stat,1641
stat,1645
stat,1793
stat,1696
stat,1672
stat,1561
stat,1423
stat,1649
stat,1570
stat,1657
stat,1651
stat,1686
stat,1650
stat,1586
stat,1829
stat,1698
stat,1743
stat,1602
stat,1784
stat,1560
stat,1845
stat,1840
stat,1742
stat,1806
stat,1624
stat,1761
stat,1778
stat,1618
stat,1606
stat,1661
stat,1942
stat,1671
stat,1643
stat,1782
stat,1718
stat,1718
stat,1806
stat,1819
stat,1641
stat,1691
stat,1777
stat,1674
stat,2750
stat,1732
stat,1848
stat,1897
stat,1743
stat,1726
stat,1646
stat,1896
stat,1748
stat,1885
stat,1800
stat,1721
stat,1853
stat,1802
stat,1934
stat,1840
stat,1727
stat,1915
stat,1874
stat,1802
stat,1870
stat,2002
stat,1679
stat,1905
stat,1881
stat,1634
stat,2038
stat,1813
stat,1708
stat,1716
stat,1585
stat,1613
stat,1591
stat,1644
stat,1750
stat,1703
stat,1761
stat,1658
stat,1720
stat,1690
stat,1743
stat,1715
stat,1649
stat,1797
stat,1753
stat,1766
stat,1733
stat,1619
stat,1707
stat,1768
stat,2280
stat,1424
stat,2180
stat,1645
stat,1574
stat,1798
stat,1837
stat,1838
stat,1662
stat,1649
stat,1545
stat,1779
stat,1708
stat,1704
stat,1529
stat,1567
stat,1576
stat,1649
stat,1570
stat,1737
stat,1836
stat,1492
stat,1654
stat,1731
stat,1741
stat,1840
stat,1745
stat,1607
stat,1531
stat,1567
stat,1579
stat,1724
stat,1650
stat,1724
stat,1668
stat,1420
stat,1521
stat,1427
stat,1760
stat,1542
stat,1535
stat,1633
stat,1736
stat,1741
stat,1734
stat,1732
stat,1655
stat,1552
stat,1584
stat,1726
stat,2271
stat,1770
stat,1646
stat,1894
stat,1525
stat,1537
stat,1485
stat,1598
stat,1597
stat,1653
stat,1490
stat,1716
stat,1632
stat,1662
stat,1693
stat,1458
stat,1657
stat,1876
stat,1656
stat,1670
stat,1796
stat,1698
stat,1488
stat,1516
stat,1621
stat,1571
stat,1561
stat,1562
stat,1543
stat,1718
stat,1434
stat,1645
stat,1491
stat,1562
stat,1466
stat,1622
stat,1693
stat,1670
stat,1528
stat,1695
stat,1740
stat,1701
stat,1720
stat,1686
stat,1501
stat,1574
stat,1629
stat,1569
stat,1760
stat,1613
open_read,607654
open_read,575810
open_read,549524
open_read,574861
open_read,614966
open_read,708321
open_read,579914
open_read,574819
open_read,579753
open_read,594816
open_read,522345
open_read,515001
open_read,546685
open_read,618999
open_read,536956
open_read,596008
open_read,569888
open_read,580743
open_read,574924
open_read,648087
open_read,535296
open_read,488462
open_read,581046
open_read,593371
open_read,564345
open_read,584588
open_read,497283
open_read,583104
open_read,561436
open_read,561700
open_read,621989
open_read,522907
open_read,572406
open_read,533345
open_read,634474
open_read,510131
open_read,588118
open_read,561638
open_read,553179
open_read,533011
open_read,588954
open_read,551920
open_read,515514
open_read,603730
open_read,507771
open_read,561167
open_read,525412
open_read,530330
open_read,567841
open_read,539358
open_read,543804
open_read,645537
open_read,610476
open_read,568629
open_read,533041
open_read,699465
open_read,565216
open_read,578264
open_read,512866
open_read,533417
open_read,643063
open_read,535150
open_read,495660
open_read,591811
open_read,517025
open_read,518805
open_read,616957
open_read,744670
open_read,554551
open_read,492394
open_read,557685
open_read,547322
open_read,583729
open_read,629124
open_read,615913
open_read,598545
open_read,597600
open_read,656983
open_read,625238
open_read,573418
open_read,560002
open_read,606930
open_read,566524
open_read,727357
open_read,540398
open_read,645283
open_read,547667
open_read,536312
open_read,547798
open_read,534482
open_read,615846
open_read,605413
open_read,601804
open_read,569920
open_read,557930
open_read,534060
open_read,587698
open_read,647243
open_read,615704
open_read,597778
open_read,586138
open_read,559291
open_read,591926
open_read,541786
open_read,614850
open_read,601030
open_read,646206
open_read,569885
open_read,541795
open_read,618099
open_read,563411
open_read,577822
open_read,642176
open_read,536712
open_read,540317
open_read,572108
open_read,545413
open_read,605966
open_read,575550
open_read,514351
open_read,513072
open_read,504371
open_read,531236
open_read,505271
open_read,535895
open_read,567681
open_read,538292
open_read,528166
open_read,531314
open_read,538173
open_read,524111
open_read,507815
open_read,514185
open_read,482924
open_read,544895
open_read,538959
open_read,556547
open_read,555651
open_read,572012
open_read,491539
open_read,614550
open_read,530169
open_read,513788
open_read,528530
open_read,523376
open_read,520864
open_read,546025
open_read,541079
open_read,533445
open_read,571447
open_read,572836
open_read,518642
open_read,586401
open_read,652879
open_read,567299
open_read,575388
open_read,558207
open_read,506573
open_read,583980
open_read,548626
open_read,580012
open_read,540422
open_read,613349
open_read,587028
open_read,555023
open_read,591543
open_read,534504
open_read,560470
open_read,576582
open_read,534026
open_read,536501
open_read,556201
open_read,617035
open_read,508524
open_read,575784
open_read,540189
open_read,614122
open_read,583749
open_read,607923
open_read,578438
open_read,542049
open_read,585329
open_read,585985
open_read,536648
open_read,633882
open_read,527062
open_read,554172
open_read,507836
open_read,557300
open_read,545234
open_read,508031
open_read,547845
open_read,589869
open_read,578578
open_read,573389
open_read,590552
open_read,651720
open_read,551318
open_read,528314
open_read,554870
open_read,546805
open_read,654525
open_read,557393
open_read,520839
open_read,507560
open_read,555118
open_read,506391
open_read,729813
open_read,570280
open_read,546721
open_read,570623
open_read,529332
open_read,547468
open_read,518882
open_read,534963
open_read,538200
open_read,538253
open_read,508196
open_read,554129
open_read,523467
open_read,556687
open_read,564171
open_read,525728
open_read,535019
open_read,533304
open_read,569679
open_read,523773
open_read,559248
open_read,534173
open_read,548737
open_read,522407
open_read,516524
open_read,560952
open_read,532766
open_read,536076
open_read,526274
open_read,550644
open_read,544506
open_read,561994
open_read,512750
open_read,504581
open_read,573985
open_read,566090
open_read,530405
open_read,2973677
open_read,578154
open_read,505765
open_read,604275
open_read,637675
open_read,577048
open_read,550622
open_read,525309
open_read,520594
open_read,548061
open_read,523422
open_read,535021
open_read,559508
open_read,547897
open_read,545062
open_read,514391
open_read,517457
open_read,493344
open_read,501828
open_read,516962
open_read,511706
open_read,519165
open_read,563576
open_read,689568
open_read,550941
open_read,551580
open_read,535608
open_read,555398
open_read,586226
open_read,542602
open_read,537664
open_read,557118
open_read,538684
open_read,515211
open_read,524988
open_read,548723
open_read,525163
open_read,528110
open_read,585879
open_read,507582
open_read,550046
open_read,525694
open_read,551154
open_read,522907
open_read,505609
open_read,550162
open_read,513572
open_read,510939
open_read,469279
open_read,519620
open_read,508015
open_read,518826
open_read,560118
open_read,745624
open_read,546227
open_read,493759
open_read,506532
open_read,515373
open_read,516934
open_read,547601
open_read,521776
open_read,504837
open_read,559322
open_read,528405
open_read,534740
open_read,504145
open_read,554319
open_read,505269
open_read,553088
open_read,588290
open_read,564005
open_read,509664
open_read,600075
open_read,512082
open_read,578302
open_read,522585
open_read,541183
open_read,495546
open_read,569750
open_read,560656
open_read,569569
open_read,513376
open_read,514214
open_read,537298
open_read,540271
open_read,527169
open_read,520514
open_read,553167
open_read,515188
open_read,566199
open_read,525263
open_read,536644
open_read,542980
open_read,523842
open_read,617918
open_read,642367
open_read,551297
open_read,524111
open_read,5931893
open_read,2448569
open_read,523879
open_read,559650
open_read,562642
open_read,524947
open_read,514052
open_read,526217
open_read,512152
open_read,500595
open_read,541653
open_read,551525
open_read,504496
open_read,599299
open_read,556467
open_read,631467
open_read,518884
open_read,587739
open_read,553916
open_read,522510
open_read,542371
open_read,548459
open_read,532922
open_read,569786
open_read,544907
open_read,579928
open_read,535639
open_read,548053
open_read,546351
open_read,562928
open_read,556361
open_read,546083
open_read,525941
open_read,569013
open_read,549195
open_read,570219
open_read,501443
open_read,513412
open_read,506570
open_read,534900
open_read,573556
open_read,491509
open_read,631402
open_read,555245
open_read,540040
open_read,527654
open_read,559901
open_read,496445
open_read,541484
open_read,563353
open_read,497929
open_read,529007
open_read,508274
open_read,589233
open_read,531650
open_read,537373
open_read,546656
open_read,480281
open_read,504420
open_read,563199
open_read,499868
open_read,547828
open_read,563290
open_read,563381
open_read,541022
open_read,598544
open_read,543486
open_read,542185
open_read,638369
open_read,643432
open_read,518604
open_read,511052
open_read,602045
open_read,548645
open_read,521429
open_read,542039
open_read,548728
open_read,533078
open_read,534426
open_read,512552
open_read,561658
open_read,524958
open_read,568927
open_read,556607
open_read,531616
open_read,520774
open_read,563098
open_read,560243
open_read,613438
open_read,569864
open_read,514587
open_read,525742
open_read,554947
open_read,531957
open_read,539877
open_read,528209
open_read,498386
open_read,537018
open_read,502060
open_read,523260
open_read,541031
open_read,542282
open_read,559791
open_read,541649
open_read,590374
open_read,536683
open_read,616953
open_read,547012
open_read,525824
open_read,528230
open_read,558923
open_read,529544
open_read,544291
open_read,535824
open_read,493844
open_read,541932
open_read,541034
open_read,549372
open_read,547183
open_read,563941
open_read,611858
open_read,534058
open_read,640268
open_read,558857
open_read,521700
open_read,543921
open_read,483630
open_read,543501
open_read,528338
open_read,527999
open_read,529471
open_read,526315
open_read,555432
open_read,508198
open_read,554682
open_read,527070
open_read,486451
open_read,561750
open_read,506497
open_read,537193
open_read,521113
open_read,527341
open_read,586629
open_read,542134
open_read,586459
open_read,546637
open_read,667425
open_read,567969
open_read,552438
open_read,561344
open_read,631600
open_read,492506
open_read,509251
open_read,550098
open_read,546149
open_read,550437
open_read,558020
open_read,555195
open_read,530138
open_read,626913
open_read,579872
open_read,540503
open_read,611682
open_read,537358
open_read,523499
open_read,550446
open_read,587522
open_read,537655
open_read,525245
open_read,549181
open_read,530313
open_read,591393
open_read,516931
open_read,564788
open_read,645839
open_read,581791
open_read,563152
open_read,577082
open_read,591387
open_read,590839
open_read,566992
open_read,577852
open_read,610564
open_read,570102
open_read,548290
open_read,590765
open_read,537849
open_read,565241
open_read,537957
open_read,548795
open_read,584226
open_read,604411
open_read,579471
open_read,576202
open_read,900965
open_read,693520
open_read,575377
open_read,547098
open_read,576707
open_read,547968
open_read,552128
open_read,568257
open_read,550009
open_read,568903
open_read,552744
open_read,581921
open_read,560302
open_read,542884
open_read,540248
open_read,537294
open_read,542606
open_read,548504
open_read,580942
open_read,519725
open_read,553002
open_read,539608
open_read,537615
open_read,568595
open_read,550336
open_read,557916
open_read,483744
open_read,530255
open_read,528241
open_read,502259
open_read,541709
open_read,536182
open_read,561270
open_read,528379
open_read,523036
open_read,538472
open_read,585121
open_read,575016
open_read,502470
open_read,544518
open_read,548908
open_read,620823
open_read,537810
open_read,583248
open_read,531756
open_read,548566
open_read,520942
open_read,543411
open_read,497709
open_read,516537
open_read,496749
open_read,587758
open_read,573450
open_read,550643
open_read,559436
open_read,553468
open_read,585069
open_read,534574
open_read,499808
open_read,540125
open_read,576324
open_read,537121
open_read,539748
open_read,494619
open_read,559869
open_read,490559
open_read,567188
open_read,510186
open_read,513730
open_read,1290327
open_read,1051876
open_read,1023854
open_read,1070256
open_read,1162570
open_read,1027553
open_read,1022634
open_read,1015150
open_read,992152
open_read,991398
open_read,947586
open_read,1178368
open_read,1057085
open_read,1087692
open_read,1068747
open_read,1045064
open_read,987123
open_read,999551
open_read,1016701
open_read,1016027
open_read,1124686
open_read,965095
open_read,950037
open_read,1022285
open_read,1080904
open_read,1020049
open_read,1049378
open_read,987340
open_read,994499
open_read,1001215
open_read,1087025
open_read,1064533
open_read,985676
open_read,1035930
open_read,1010927
open_read,973473
open_read,961799
open_read,973037
open_read,985503
open_read,984240
open_read,965385
open_read,1031307
open_read,1128997
open_read,976439
open_read,1064413
open_read,995694
open_read,1008770
open_read,963209
open_read,932787
open_read,1008469
open_read,1018264
open_read,1075084
open_read,1027075
open_read,1029572
open_read,986244
open_read,1070890
open_read,1079141
open_read,1030753
open_read,1000620
open_read,988552
open_read,1020476
open_read,1016697
open_read,1062755
open_read,1035600
open_read,996269
open_read,1019811
open_read,1013698
open_read,1016815
open_read,995846
open_read,1032823
open_read,1034661
open_read,1019165
open_read,1131334
open_read,1059021
open_read,1004289
open_read,993054
open_read,1011302
open_read,1036053
open_read,1159150
open_read,981071
open_read,1034700
open_read,1022860
open_read,1019235
open_read,1024022
open_read,995147
open_read,977002
open_read,1042905
open_read,1126476
open_read,982469
open_read,1192977
open_read,1089652
open_read,1058028
open_read,1042279
open_read,1054466
open_read,1005655
open_read,1047426
open_read,1126424
open_read,1022106
open_read,1053975
open_read,1108423
open_read,1013280
open_read,1046343
open_read,1055905
open_read,982990
open_read,1046893
open_read,1062381
open_read,1040139
open_read,1062806
open_read,1077344
open_read,982362
open_read,1018863
open_read,1048466
open_read,1025317
open_read,941810
open_read,1031322
open_read,1015865
open_read,951222
open_read,970621
open_read,1017853
open_read,1004853
open_read,1034000
open_read,1024932
open_read,940694
open_read,1090734
open_read,1004135
open_read,980838
open_read,1015408
open_read,1020295
open_read,1083580
open_read,992898
open_read,967100
open_read,1067993
open_read,1035839
open_read,1032879
open_read,1053200
open_read,1047879
open_read,985478
open_read,983944
open_read,1165300
open_read,989972
open_read,1013413
open_read,1033295
open_read,973580
open_read,983021
open_read,996883
open_read,971741
open_read,1012585
open_read,1060895
open_read,1104580
open_read,1107588
open_read,1043320
open_read,993837
open_read,963846
open_read,960026
open_read,992051
open_read,996376
open_read,1054809
open_read,1015689
open_read,952645
open_read,976326
open_read,964338
open_read,979269
open_read,1042468
open_read,1064719
open_read,970437
open_read,1046281
open_read,996323
open_read,1253096
open_read,1023615
open_read,1051678
open_read,975755
open_read,1003630
open_read,1026739
open_read,1035708
open_read,1034980
open_read,980410
open_read,1138239
open_read,1177018
open_read,1028969
open_read,976676
open_read,1026859
open_read,1036569
open_read,993002
open_read,987631
open_read,981154
open_read,961306
open_read,991705
open_read,962449
open_read,1082700
open_read,988195
open_read,964035
open_read,1026228
open_read,1008160
open_read,1016028
open_read,1020938
open_read,969663
open_read,1107823
open_read,1011724
open_read,1100879
open_read,1123754
open_read,1037131
open_read,1024105
open_read,1001798
open_read,1011755
open_read,968772
open_read,1042018
open_read,1043963
open_read,947671
open_read,977646
open_read,1056969
open_read,1024607
open_read,1049831
open_read,967226
open_read,1096078
open_read,1205773
open_read,1037378
open_read,1019886
open_read,995222
open_read,928078
open_read,970862
open_read,1014162
open_read,1014262
open_read,977573
open_read,1012715
open_read,1002328
open_read,1026777
open_read,944742
open_read,970076
open_read,1042396
open_read,1037018
open_read,1023788
open_read,977271
open_read,990527
open_read,995374
open_read,899269
open_read,1067822
open_read,966816
open_read,969889
open_read,1011284
open_read,987998
open_read,1082870
open_read,965821
open_read,1009774
open_read,1045907
open_read,969144
open_read,982714
open_read,1125912
open_read,1135199
open_read,1037597
open_read,990379
open_read,1025150
open_read,986409
open_read,1044609
open_read,1024209
open_read,1004536
open_read,1035339
open_read,998508
open_read,1013546
open_read,966509
open_read,1013456
open_read,974352
open_read,984852
open_read,1013986
open_read,1004614
open_read,1001460
open_read,1008200
open_read,1060580
open_read,1012447
open_read,1022670
open_read,1045496
open_read,1008240
open_read,1003913
open_read,1046216
open_read,975387
open_read,962968
open_read,994701
open_read,1044231
open_read,983882
open_read,977813
open_read,961487
open_read,1091708
open_read,939894
open_read,916590
open_read,999256
open_read,1090320
open_read,1070511
open_read,968411
open_read,988811
open_read,961834
open_read,994577
open_read,960415
open_read,977370
open_read,972897
open_read,979657
open_read,1003328
open_read,1056729
open_read,1018578
open_read,1029466
open_read,964796
open_read,1027900
open_read,1157814
open_read,947182
open_read,977821
open_read,1019237
open_read,1058705
open_read,1077224
open_read,1036683
open_read,995258
open_read,1031934
open_read,992439
open_read,1010637
open_read,960086
open_read,1078723
open_read,1018891
open_read,1020644
open_read,1017273
open_read,989043
open_read,962080
open_read,937842
open_read,1000946
open_read,1035577
open_read,1009315
open_read,947895
open_read,964638
open_read,1096386
open_read,1188062
open_read,1048780
open_read,1004118
open_read,1085587
open_read,981286
open_read,1111078
open_read,953911
open_read,1043057
open_read,975047
open_read,1023211
open_read,997310
open_read,993770
open_read,984803
open_read,981483
open_read,999002
open_read,999002
open_read,998130
open_read,1029385
open_read,1040947
open_read,1041874
open_read,1114003
open_read,988289
open_read,1038345
open_read,978665
open_read,957149
open_read,963201
open_read,1053466
open_read,943850
open_read,1000951
open_read,1021970
open_read,1005280
open_read,1016569
open_read,961213
open_read,960277
open_read,989158
open_read,1083561
open_read,1014372
open_read,990397
open_read,1013307
open_read,1053332
open_read,1067277
open_read,978916
open_read,1021956
open_read,973926
open_read,1019424
open_read,1024418
open_read,1046899
open_read,1019097
open_read,1055275
open_read,1086652
open_read,994018
open_read,953694
open_read,987733
open_read,1014004
open_read,982556
open_read,1015418
open_read,1010924
open_read,1014370
open_read,1105671
open_read,1013082
open_read,970758
open_read,1111841
open_read,1058564
open_read,996054
open_read,970200
open_read,1123352
open_read,959394
open_read,1027252
open_read,1041416
open_read,943246
stat_enoent,782937
stat_enoent,752084
stat_enoent,671036
stat_enoent,719634
stat_enoent,713628
stat_enoent,743831
stat_enoent,685381
stat_enoent,674487
stat_enoent,711434
stat_enoent,631818
stat_enoent,695091
stat_enoent,701878
stat_enoent,868948
stat_enoent,744141
stat_enoent,737462
stat_enoent,707532
stat_enoent,638898
stat_enoent,716070
stat_enoent,741194
stat_enoent,706948
unlink,2766359
unlink,2546519
unlink,2649122
unlink,2803979
unlink,2722683
unlink,2758797
unlink,2796695
unlink,3010746
unlink,2768658
unlink,2693342
unlink,2545672
unlink,2616101
unlink,2911536
unlink,2617739
unlink,2425967
unlink,2570051
unlink,2542271
unlink,2418471
unlink,2510427
unlink,2329191
unlink,2426194
unlink,2485823
unlink,2454352
unlink,2534648
unlink,2662593
unlink,2251679
unlink,2493607
unlink,2683974
unlink,2457184
unlink,2884756
unlink,2606342
unlink,12445948
unlink,7176277
unlink,2678647
unlink,2475113
unlink,2752457
unlink,2510899
unlink,2796895
unlink,3579929
unlink,2535532
unlink,2876757
unlink,2661576
unlink,2721851
unlink,2699378
unlink,6983563
unlink,2437248
unlink,2447852
unlink,2570670
unlink,10639109
unlink,2708315
unlink,3069725
unlink,2527507
unlink,2613139
unlink,2464562
unlink,2536881
unlink,2465148
unlink,2615206
unlink,2797697
unlink,2635415
unlink,2784490
unlink,2547166
unlink,2714973
unlink,2406681
unlink,2545739
unlink,2817109
unlink,2489520
unlink,2488538
unlink,2661351
unlink,2442409
unlink,2636239
unlink,2905889
unlink,2647257
unlink,2581541
unlink,2491730
unlink,2963938
unlink,2511870
unlink,2422937
unlink,2612012
unlink,2584789
unlink,2781745
unlink,2785646
unlink,2243516
unlink,2614595
unlink,2652521
unlink,2646359
unlink,2456128
unlink,2311813
unlink,2414099
unlink,2640699
unlink,2651588
unlink,2709454
unlink,2763938
unlink,2657665
unlink,4725515
unlink,2401814
unlink,2635872
unlink,2504333
unlink,2577394
unlink,2557957
unlink,2367729
unlink,2437930
unlink,2636679
unlink,2519579
unlink,2530091
unlink,2737880
unlink,2513748
unlink,2694449
unlink,2699220
unlink,2480857
unlink,2714671
unlink,2557517
unlink,2528587
unlink,2518184
unlink,2535314
unlink,2552884
unlink,2669903
unlink,2455041
unlink,2545906
unlink,2498253
unlink,2503194
unlink,2588017
unlink,2616390
unlink,2430856
unlink,2598021
unlink,2595241
unlink,2464820
unlink,2769754
unlink,2570589
unlink,2927818
unlink,2453910
unlink,2516903
unlink,2209894
unlink,2464154
unlink,2632908
unlink,2437394
unlink,2649689
unlink,2436301
unlink,2598679
unlink,2478475
unlink,2587778
unlink,2577512
unlink,2411889
unlink,2203045
unlink,2550873
unlink,2647085
unlink,7821808
unlink,2781128
unlink,2796342
unlink,2669793
unlink,2459055
unlink,2736426
unlink,2395949
unlink,2616247
unlink,14561322
unlink,2718511
unlink,2556761
unlink,2654934
unlink,2583509
unlink,2835976
unlink,2486963
unlink,2569201
unlink,2553432
unlink,2535186
unlink,2587193
unlink,2749760
unlink,2417988
unlink,2359681
unlink,2629276
unlink,2586248
unlink,2705899
unlink,2561695
unlink,2632134
unlink,2421784
unlink,2478898
unlink,2595688
unlink,2773589
unlink,2733549
unlink,2779244
unlink,2683117
unlink,2509701
unlink,2532054
unlink,2740536
unlink,2636514
unlink,2425780
unlink,2543082
unlink,2434158
unlink,2526391
unlink,2577592
unlink,2585096
unlink,2566639
unlink,2441269
unlink,2374871
unlink,2487359
unlink,2387428
unlink,2582477
unlink,2548639
unlink,2429125
unlink,2547217
unlink,2440568
unlink,2571143
unlink,2981380
unlink,2597097
unlink,2786480
unlink,3056112
unlink,2625101
unlink,2607086
unlink,2527133
unlink,2499373
unlink,2916374
unlink,2773827
unlink,2509554
unlink,2655679
unlink,2669238
unlink,2528271
unlink,2396435
unlink,2530607
unlink,2506835
unlink,2390951
unlink,2392792
unlink,2622125
unlink,2773471
unlink,2567046
unlink,2473065
unlink,2549680
unlink,2603148
unlink,2525497
unlink,2538111
unlink,2611757
unlink,2566152
unlink,2632046
unlink,2537466
unlink,2640742
unlink,2634026
unlink,2597265
unlink,2553169
unlink,2445033
unlink,2448261
unlink,2624318
unlink,2777576
unlink,2493469
unlink,2603812
unlink,2596328
unlink,2753953
unlink,2791783
unlink,2680728
unlink,2609827
unlink,2631905
unlink,2866480
unlink,2590125
unlink,2590657
unlink,2399302
unlink,2498822
unlink,3044293
unlink,2583922
unlink,2672549
unlink,2640961
unlink,2726644
unlink,3000316
unlink,2564507
unlink,2643301
unlink,2616271
unlink,2735032
unlink,2437317
unlink,2379054
unlink,2509643
unlink,2760750
unlink,2449580
unlink,2927720
unlink,2419054
unlink,2494588
unlink,2665889
unlink,2450676
unlink,2793972
unlink,2541102
unlink,2463078
unlink,2419282
unlink,3249928
unlink,3383126
unlink,2526343
unlink,2675484
unlink,2532691
unlink,2348277
unlink,2439414
unlink,2493527
unlink,2539369
unlink,2568123
unlink,2676721
unlink,2627228
unlink,2535006
unlink,2557984
unlink,2606071
unlink,2745335
unlink,2754458
unlink,2555920
unlink,2429312
unlink,2560155
unlink,2561090
unlink,2964302
unlink,2763725
unlink,2617800
unlink,2866181
unlink,2710960
unlink,2795946
unlink,2908439
unlink,2677453
unlink,2173663
unlink,4993121
unlink,2527370
unlink,5983097
unlink,2644071
unlink,2544174
unlink,2726044
unlink,2516271
unlink,2497547
unlink,2613643
unlink,2717888
unlink,2678029
unlink,2599378
unlink,2516707
unlink,2552776
unlink,3470175
unlink,2787707
unlink,2993538
unlink,2922074
unlink,2789275
unlink,2586009
unlink,2702618
unlink,3026869
unlink,2816360
unlink,2529934
unlink,2478464
unlink,11288798
unlink,2714038
unlink,2496625
unlink,2793637
unlink,2781702
unlink,2323551
unlink,2540337
unlink,2573309
unlink,2468404
unlink,2665633
unlink,2619457
unlink,2992705
unlink,2942473
unlink,3653477
unlink,2912371
unlink,2630515
unlink,2849781
unlink,2716118
unlink,2423998
unlink,2728683
unlink,2522928
unlink,2755123
unlink,2532696
unlink,2449971
unlink,2640318
unlink,2561818
unlink,2584031
unlink,4477834
unlink,2786812
unlink,2359887
unlink,2484101
unlink,2578542
unlink,2588323
unlink,2681500
unlink,2432483
unlink,3021517
unlink,2500970
unlink,2683687
unlink,2646616
unlink,2463025
unlink,2835348
unlink,2594047
unlink,2513007
unlink,2581174
unlink,2436770
unlink,2440663
unlink,2521559
unlink,2393551
unlink,2642374
unlink,2430832
unlink,2373228
unlink,2496314
unlink,2610497
unlink,4350855
unlink,2617448
unlink,2546981
unlink,2987097
unlink,2617939
unlink,2546817
unlink,2513964
unlink,2211951
unlink,2528552
unlink,2634431
unlink,2541908
unlink,2502649
unlink,2626850
unlink,2593278
unlink,2377361
unlink,2475539
unlink,2663811
unlink,2921157
unlink,2599101
unlink,2714193
unlink,2456834
unlink,2725992
unlink,2454067
unlink,2469191
unlink,2574778
unlink,2991207
unlink,2987077
unlink,2517945
unlink,3167008
unlink,2608153
unlink,2619039
unlink,2300955
unlink,2502357
unlink,2540032
unlink,2551955
unlink,2719817
unlink,2691287
unlink,2404596
unlink,2400321
unlink,2711439
unlink,2527609
unlink,2886663
unlink,2551929
unlink,2535287
unlink,2374230
unlink,2725443
unlink,2423574
unlink,2501689
unlink,2579057
unlink,2578101
unlink,2473775
unlink,2454837
unlink,2433628
unlink,2542745
unlink,2844182
unlink,2812509
unlink,4354981
unlink,2691118
unlink,2610268
unlink,2908792
unlink,2502189
unlink,2499462
unlink,2451007
unlink,2563510
unlink,2686834
unlink,2306859
unlink,2541039
unlink,2592240
unlink,2501073
unlink,2647621
unlink,2507047
unlink,2835215
unlink,2688405
unlink,2373627
unlink,2305499
unlink,2424680
unlink,2487121
unlink,2443527
unlink,2538271
unlink,2746399
unlink,2418900
unlink,2434611
unlink,2632732
unlink,2559541
unlink,2539929
unlink,2612683
unlink,2732115
unlink,2712062
unlink,2593594
unlink,2657539
unlink,2456152
unlink,2656555
unlink,2454274
unlink,2379171
unlink,2479481
unlink,2717299
unlink,2667902
unlink,2574297
unlink,2793800
unlink,2563274
unlink,3012127
unlink,2669532
unlink,2642167
unlink,2538361
unlink,2984811
unlink,2466782
unlink,2538343
unlink,2562060
unlink,3250162
unlink,2713974
unlink,2473984
unlink,2250244
unlink,2488880
unlink,2613801
unlink,2530707
unlink,2691555
unlink,2202941
unlink,2501912
unlink,2497165
unlink,2523862
unlink,2614279
unlink,2488371
unlink,2596019
unlink,2646957
unlink,2521785
unlink,2543000
unlink,2802491
unlink,2495958
unlink,2534576
unlink,2509678
unlink,2553880
unlink,2583811
unlink,2772265
unlink,2544876
unlink,2648641
unlink,2365858
unlink,2499612
unlink,2359817
unlink,2946252
unlink,2377015
unlink,2414860
unlink,2633369
unlink,2478633
unlink,2840460
unlink,2851406
unlink,4295876
unlink,8044075
unlink,2746936
unlink,2459069
unlink,2457755
unlink,2649163
unlink,2590847
unlink,2456326
unlink,2525304
unlink,2694493
unlink,2871629
unlink,2729741
unlink,3043793
unlink,2854737
unlink,2538702
unlink,2438448
unlink,2534304
unlink,2452657
unlink,2609545
unlink,2674317
unlink,2602267
unlink,2655350
unlink,2551120
unlink,2706541
unlink,2561546
unlink,2832929
unlink,2594861
unlink,2535077
unlink,2510524
unlink,2677861
unlink,2746702
unlink,2655269
unlink,2248400
unlink,2551929
unlink,2648421
unlink,2555736
unlink,2538636
unlink,2671091
unlink,2730598
unlink,2548063
unlink,2730247
unlink,2550103
unlink,2650083
unlink,2486699
unlink,2506199
unlink,2417236
unlink,2902214
unlink,2599343
unlink,3186006
unlink,2517131
unlink,2610848
unlink,2720697
unlink,2627195
unlink,2760857
unlink,2548293
unlink,2636128
unlink,2810793
unlink,2499043
unlink,2657063
unlink,2724578
unlink,2676017
unlink,2766407
unlink,2544657
unlink,2633015
unlink,2616998
unlink,2661823
unlink,2608138
unlink,2746456
unlink,2684974
unlink,2732291
unlink,2528564
unlink,2522564
unlink,2574285
unlink,2751749
unlink,2611216
unlink,2416431
unlink,2781688
unlink,2831507
unlink,2725650
unlink,2507019
unlink,2680652
unlink,2560912
unlink,3495577
unlink,2668352
unlink,2576827
unlink,2846361
unlink,2824452
unlink,2661802
unlink,2731470
unlink,2431916
unlink,2545455
unlink,2797567
unlink,2784355
unlink,2823808
unlink,2639079
unlink,2563922
unlink,2592707
unlink,2601736
unlink,7364141
unlink,2887590
unlink,5655975
unlink,2604912
unlink,2826460
unlink,2815160
unlink,2528524
unlink,2766318
unlink,4062117
unlink,2582055
unlink,2738164
unlink,2743850
unlink,2839577
unlink,2619088
unlink,2453759
unlink,3031619
unlink,2579585
unlink,3156616
unlink,2567821
unlink,2958104
unlink,2812689
unlink,4083408
unlink,2708703
unlink,3206411
unlink,2598668
unlink,2571159
unlink,2560409
unlink,2744013
unlink,2831146
unlink,2699879
unlink,2730842
unlink,2567998
unlink,2647294
unlink,2552466
unlink,2679131
unlink,2616439
unlink,2925688
unlink,2712703
unlink,2597287
unlink,2566564
unlink,2628747
unlink,3093846
unlink,2688352
unlink,2811896
unlink,2373957
unlink,2537248
unlink,2670157
unlink,2627968
unlink,2676573
unlink,2564097
unlink,2825476
unlink,2422799
unlink,2547689
unlink,2496982
unlink,2591647
unlink,2592544
unlink,2634878
unlink,2606980
unlink,2638036
unlink,2482327
unlink,2625966
unlink,2554052
unlink,2520779
unlink,8155985
unlink,2653814
unlink,2567845
unlink,2711859
unlink,4524562
unlink,2540318
unlink,2435036
unlink,2633010
unlink,2678006
unlink,2916756
unlink,2630044
unlink,2619757
unlink,2408541
unlink,2616237
unlink,2657082
unlink,2647703
unlink,2800875
unlink,2628256
unlink,2545901
unlink,2537192
unlink,2663330
unlink,2649813
unlink,2585363
unlink,2607537
unlink,2676364
unlink,2692714
unlink,2725353
unlink,3997804
unlink,2877357
unlink,2713145
unlink,2493470
unlink,8789035
unlink,2649271
unlink,2853875
unlink,2912725
unlink,2570551
unlink,2249938
unlink,2611703
unlink,2613755
unlink,2594990
unlink,2626693
unlink,2571054
unlink,2743241
unlink,2475222
unlink,2666129
unlink,2589946
unlink,2626759
unlink,2597052
unlink,3112036
unlink,2460015
unlink,2738359
unlink,2698882
unlink,2563077
unlink,2561633
unlink,6449016
unlink,2454003
unlink,2571591
unlink,2809974
unlink,2698201
unlink,2782942
unlink,2639953
unlink,2683174
unlink,2688199
unlink,2624832
unlink,2623266
unlink,2631521
unlink,2309001
unlink,2306595
unlink,2542826
unlink,2569304
unlink,2444743
unlink,2525314
unlink,2478462
unlink,2674241
unlink,2599388
unlink,2518963
unlink,2726277
unlink,2551046
unlink,2657305
unlink,2514261
unlink,2602939
unlink,3706191
unlink,2534778
unlink,2525201
unlink,2513595
unlink,2529104
unlink,2419932
unlink,2492368
unlink,2490173
unlink,2539981
unlink,2443657
unlink,2416626
unlink,3665743
unlink,2666756
unlink,4305765
unlink,2614992
unlink,2539611
unlink,2370912
unlink,2452833
unlink,2579120
unlink,2575666
unlink,2683424
unlink,2675581
unlink,2538844
unlink,2582624
unlink,2538228
unlink,2382681
unlink,2578502
unlink,2505197
unlink,2654440
unlink,2675395
unlink,4089514
unlink,2574337
unlink,2687074
unlink,2740655
unlink,2571080
unlink,2560119
unlink,2525762
unlink,2866239
unlink,7270899
unlink,5015716
unlink,2452085
unlink,2520291
unlink,2757124
unlink,2456609
unlink,2511222
unlink,2472807
unlink,2711703
unlink,3284952
unlink,2572253
unlink,2751301
unlink,2543084
unlink,2515905
unlink,2597715
unlink,2495602
unlink,2385569
unlink,3028230
unlink,2567672
unlink,2647607
unlink,2651133
unlink,2644384
unlink,2544637
unlink,2854829
unlink,2561354
unlink,2744357
unlink,2560808
unlink,2504312
unlink,2624276
unlink,2605734
unlink,6150143
unlink,4044971
unlink,2724798
unlink,2387106
unlink,2615168
unlink,2537939
unlink,2667319
unlink,2840437
unlink,2636564
unlink,2550801
unlink,2611618
unlink,2883698
unlink,2536540
unlink,2604646
unlink,2659389
unlink,2362676
unlink,2616647
unlink,2706975
unlink,2609316
unlink,2739229
unlink,2631235
unlink,2436231
unlink,3449011
unlink,2632678
unlink,2473146
unlink,2387585
unlink,2602896
unlink,2811298
unlink,2674602
unlink,2565437
unlink,2573496
unlink,2867735
unlink,2615143
unlink,2899279
unlink,2786912
unlink,2528952
unlink,2505041
unlink,2568030
unlink,2766447
unlink,2568859
unlink,2398638
unlink,2538117
unlink,2521632
unlink,2668535
unlink,2574843
unlink,2722453
unlink,2553803
unlink,2509001
unlink,2621271
unlink,2407110
unlink,2532344
unlink,2526617
unlink,2418628
unlink,8904137
unlink,4661236
unlink,2451090
unlink,2520592
unlink,2782961
unlink,2312029
unlink,2410760
unlink,2444576
unlink,2675895
unlink,2528102
unlink,2494312
unlink,2721039
unlink,2549839
unlink,2414706
unlink,2925205
unlink,2605015
unlink,2481507
unlink,2413965
unlink,2476847
unlink,2609427
unlink,2560022
unlink,2546953
unlink,2702166
unlink,2375750
unlink,2514337
unlink,2594117
unlink,2335757
unlink,2459065
unlink,2472185
unlink,2386346
unlink,2578792
unlink,2457344
unlink,2477372
unlink,2814198
unlink,2725262
unlink,2531994
unlink,2464407
unlink,2460770
unlink,2564367
unlink,2487962
unlink,2450937
unlink,2627786
unlink,2460972
unlink,2756297
unlink,2653950
unlink,2576274
unlink,2555435
unlink,2552070
unlink,2841818
unlink,2532290
unlink,2381095
unlink,2451518
unlink,2574442
unlink,2520841
unlink,2373148
unlink,2427292
unlink,2659364
unlink,2507179
unlink,2488812
unlink,2383786
unlink,2529213
unlink,2665451
unlink,2551776
unlink,2511052
unlink,2430896
unlink,2717127
unlink,2430173
unlink,2757666
unlink,2625254
unlink,2590830
unlink,2499016
unlink,2716120
unlink,2360354
unlink,2506144
unlink,2585666
unlink,2403065
unlink,2597065
unlink,2467306
unlink,2373827
unlink,2643172
unlink,2451613
unlink,2577624
unlink,2590169
unlink,2549247
unlink,2448077
unlink,2396105
unlink,2475176
unlink,2435815
unlink,2538203
unlink,2725285
unlink,2245968
unlink,2404444
unlink,2384175
unlink,2463672
unlink,2609115
unlink,2511604
unlink,2582414
unlink,2511255
unlink,2648080
unlink,2438774
unlink,2629750
unlink,2631691
unlink,2603707
unlink,2413031
unlink,2487617
unlink,2464897
unlink,2401908
unlink,2836997
