create,6203570
create,5751714
create,6022060
create,6275296
create,7436483
create,7457316
create,7502827
create,6492307
create,5793251
create,6052374
create,6223826
create,6304576
create,6377543
create,7036451
create,7121856
create,6268806
create,6116439
create,6328456
create,6960155
create,5661603
create,5757041
create,6092497
create,9324721
create,7467505
create,6683555
create,5478830
create,5663779
create,6289172
create,6312953
create,6484959
create,6797467
create,7525738
create,5895930
create,6202234
create,7255437
create,6960324
create,6526074
create,6331618
create,5716403
create,5905421
create,6062420
create,6367430
create,6963031
create,7381488
create,5845759
create,7226585
create,6334206
create,6822845
create,7807026
create,7240995
create,6251590
create,6052034
create,10084821
create,8278795
create,6661690
create,5628765
create,6060522
create,7163265
create,6227032
create,10192114
create,6700283
create,10203298
create,6360843
create,8095026
create,7321621
create,9286382
create,6375354
create,7468964
create,5618692
create,5944882
create,6364126
create,6209077
create,7351767
create,8564379
create,6309965
create,6475633
create,6254120
create,5952175
create,6431422
create,6399397
create,5348040
create,6045092
create,6096918
create,8276968
create,8544969
create,7237339
create,5773967
create,5619883
create,5900072
create,6210202
create,6601243
create,6606122
create,6529893
create,5408973
create,7177709
create,6771708
create,6284227
create,6692889
create,7884326
create,7432516
create,7361000
create,6543952
create,6315967
create,6727081
create,7197334
create,5895217
create,6157858
create,6385359
create,9124045
create,7296989
create,5851522
create,5894784
create,7428656
create,6243762
create,6434283
create,7110809
create,6592388
create,5703906
create,5914064
create,6096179
create,6633524
create,7246368
create,7068326
create,5943191
create,6492928
create,6527702
create,6529344
create,6441333
create,6428752
create,5391682
create,5747112
create,6000104
create,6009738
create,5854052
create,6652661
create,6836829
create,6095488
create,6458917
create,5963067
create,6617783
create,6192065
create,5524979
create,5778191
create,6888686
create,6263378
create,7409196
create,8565397
create,7313439
create,6546794
create,7273151
create,6836016
create,6356501
create,6261796
create,5643305
create,6240384
create,6527095
create,6695621
create,6830680
create,6582383
create,5338625
create,5935007
create,6422984
create,6417180
create,6246546
create,6169389
create,5725472
create,5875986
create,6729057
create,6612940
create,6618916
create,6927528
create,6829989
create,8490830
create,6665804
create,6153423
create,8069383
create,6967054
create,6515015
create,5834817
create,6085877
create,6191985
create,6213716
create,6519074
create,7497686
create,5466942
create,5987132
create,6406913
create,6786972
create,7028267
create,6859731
create,6112122
create,6229279
create,6215975
create,6641025
create,6648223
create,7433023
create,6546313
create,6129763
create,7091382
create,7223852
create,7209186
create,6766200
create,6138313
create,5964322
create,6119749
create,6547888
create,7762602
create,6930339
create,5726005
create,6421129
create,6711823
create,6474516
create,6209717
create,7593454
create,6189681
create,6425618
create,7152916
create,6654628
create,6761160
create,7889804
create,6879407
create,6360167
create,6833229
create,8872167
create,6440510
create,7444982
create,6736435
create,6059563
create,8068641
create,6183633
create,7217974
create,7067152
create,7477050
create,7000287
create,6872725
create,6722235
create,6334605
create,7353753
create,7680076
create,5943545
create,6015031
create,10616191
create,6651859
create,6409382
create,6326192
create,5199021
create,5732914
create,7349728
create,7133021
create,6713474
create,5715145
create,6079710
create,5931036
create,6134497
create,6673200
create,6495690
create,6390240
create,7258816
create,7063641
create,6159184
create,6959743
create,6084728
create,6929595
create,6422311
create,6090024
create,6940339
create,7978674
create,9110001
create,6371799
create,5549714
create,5779512
create,5773953
create,6706806
create,6550562
create,6592354
create,5898385
create,6161636
create,6374924
create,7370718
create,6362728
create,6553766
create,5734187
create,6133062
create,5888378
create,6311542
create,6501898
create,6393661
create,6549704
create,6720635
create,7494627
create,7303690
create,7368421
create,6676437
create,6574069
create,6311100
create,6192226
create,5769074
create,6036330
create,8180796
create,7798322
create,6490371
create,6098100
create,6930722
create,6337176
create,6574501
create,8448134
create,5987124
create,10292625
create,8847498
create,8669768
create,6430049
create,7146047
create,7381286
create,6473208
create,6062141
create,6251770
create,6920749
create,6974624
create,6168260
create,6682779
create,9010419
create,6293696
create,7098740
create,6625507
create,5872521
create,5752730
create,6895013
create,7528440
create,13655683
create,7226376
create,6208022
create,6462893
create,6288914
create,6241627
create,6161269
create,6429791
create,11379149
create,5777327
create,7357121
create,6303991
create,6941417
create,6632732
create,6658278
create,5764483
create,6203165
create,6148496
create,6718735
create,7056789
create,7572125
create,5851626
create,6644879
create,6074137
create,6123882
create,7051201
create,5877317
create,6101915
create,6563985
create,13568722
create,6866485
create,8588077
create,6206603
create,6040974
create,5959847
create,6379090
create,7091417
create,7450275
create,7572719
create,6418745
create,7864759
create,6266105
create,6678432
create,5979016
create,6616068
create,5860289
create,6344119
create,6382157
create,6509054
create,7015701
create,6941932
create,6035440
create,6077024
create,5943876
create,5789922
create,6377414
create,7111455
create,8232366
create,6345995
create,6514308
create,11486521
create,8522360
create,6177258
create,5793395
create,7583911
create,7023667
create,6422674
create,7115892
create,6656299
create,6958981
create,5977597
create,5934516
create,6392378
create,7432483
create,10248539
create,7652750
create,6080706
create,6854421
create,6646679
create,7951945
create,13607386
create,6347809
create,6811093
create,6820189
create,6217606
create,13044795
create,6384785
create,5889568
create,6089603
create,6419470
create,7248148
create,7067138
create,7113154
create,5966533
create,5965288
create,6217132
create,5921953
create,6619576
create,6513644
create,9151727
create,6917422
create,7561794
create,7846839
create,6633605
create,7870986
create,6524050
create,5517230
create,6372959
create,6463866
create,7032750
create,7401699
create,6415937
create,5983662
create,10000963
create,6397063
create,6334584
create,7534449
create,7018143
create,5771529
create,5801332
create,6552210
create,6999561
create,7119086
create,6797273
create,6115384
create,6462710
create,6047383
create,6447944
create,6214335
create,9159743
create,7683530
create,7122576
create,6860442
create,7127204
create,6326792
create,6369655
create,5640475
create,5867518
create,7763386
create,6535062
create,8065022
create,8278037
create,5666378
create,6493240
create,6455032
create,6492984
create,6013218
create,10568517
create,6368649
create,6173697
create,6653292
create,7358247
create,6757717
create,6799991
create,6674616
create,5948784
create,6115082
create,6158569
create,6514193
create,6999675
create,7859810
create,6522584
create,6163905
create,6210707
create,6389560
create,6503050
create,6367859
create,6125091
create,6148557
create,6673426
create,7156353
create,6931419
create,6388500
create,5869628
create,6021473
create,6273142
create,6507768
create,6573061
create,7262234
create,6107915
create,6891982
create,6934037
create,6570831
create,7571563
create,7624872
create,6190092
create,6871193
create,6330079
create,6461509
create,6623816
create,6870248
create,6197723
create,6013510
create,6159138
create,6459438
create,7378713
create,7922521
create,6118307
create,5744850
create,6071719
create,7670503
create,6790926
create,7313212
create,5501412
create,5959328
create,6446522
create,6981711
create,6293341
create,6385431
create,6714769
create,7119111
create,7597928
create,7078823
create,6342603
create,6362704
create,6737599
create,6094014
create,7056396
create,5945928
create,6356091
create,6429230
create,7228850
create,6046650
create,5881559
create,7071447
create,6125419
create,6361913
create,5527067
create,6699504
create,5695297
create,6286836
create,6958092
create,6625274
create,6185732
create,6299605
create,6629163
create,6301340
create,6331525
create,6590282
create,6441831
create,6835207
create,6700861
create,7436527
create,8897889
create,6065546
create,6210960
create,5308201
create,6002381
create,5998823
create,6014025
create,6363092
create,7037216
create,5908200
create,5817670
create,6257138
create,6404464
create,6356579
create,6141354
create,5426206
create,5599449
create,6597495
create,6817672
create,7010541
create,6705277
create,6713086
create,6395221
create,6407824
create,5720875
create,6277177
create,6106598
create,8186933
create,6400709
create,6507126
create,6555093
create,6648254
create,6525711
create,5728075
create,6122085
create,5884549
create,6240129
create,6938513
create,9439236
create,5639807
create,6444339
create,6660302
create,7287627
create,16636942
create,7845819
create,7119447
create,6450388
create,6075946
create,6539469
create,7396651
create,7032162
create,6676817
create,5989121
create,6075897
create,6819846
create,6216427
create,6581366
create,6892209
create,7564578
create,5775157
create,6971655
create,6121974
create,6878194
create,6586265
create,6226740
create,6128890
create,6451556
create,9037736
create,8597625
create,11853586
create,5962648
create,6299046
create,5901123
create,6618886
create,6244535
create,6726483
create,5830839
create,5868985
create,6506546
create,7018151
create,7974373
create,6817029
create,5793516
create,6236935
create,6705228
create,6049197
create,6240621
create,6202092
create,5685028
create,6071712
create,11719316
create,6661271
create,7349112
create,7540256
create,5934399
create,5877706
create,6307021
create,6160706
create,6441688
create,6604048
create,11114913
create,6284480
create,6108371
create,6129526
create,6275765
create,6425807
create,6501188
create,6066018
create,5995101
create,6196371
create,6301058
create,6730052
create,6659040
create,5565437
create,6481399
create,6381767
create,7957870
create,7206894
create,6537770
create,5822603
create,6578899
create,6939249
create,5855696
create,9462406
create,6540145
create,5290455
create,5856671
create,5903905
create,5824446
create,6609911
create,5783756
create,6127478
create,6717553
create,8076493
create,5959867
create,6157606
create,6898626
create,5708726
create,5612150
create,5947506
create,6968054
create,8478273
create,8500352
create,6280305
create,5625915
create,6126475
create,5965103
create,6406942
create,6426120
create,5864793
create,5833473
create,8375609
create,6537315
create,6153436
create,6720785
create,5536454
create,5943095
create,5762494
create,6036908
create,6326076
create,7961522
create,7320552
create,5695890
create,6767996
create,6773982
create,6376382
create,8233721
create,7340822
create,6266904
create,5973162
create,6382625
create,6728628
create,6513512
create,6568680
create,5584982
create,5919252
create,6223901
create,6170310
create,6278086
create,5935556
create,5590862
create,5964318
create,6910588
create,12498184
create,8302546
create,6332309
create,5974729
create,6105878
create,6314233
create,7050466
create,7157862
create,7228052
create,7033533
create,6669798
create,7487813
create,7048286
create,6741976
create,6356076
create,5766610
create,5780389
create,5929735
create,6249059
create,7291456
create,6166008
create,5527607
create,5814779
create,6486191
create,6170269
create,6961757
create,6385778
create,6893734
create,6353862
create,6167216
create,6652176
create,6484591
create,6611916
create,5537354
create,7170779
create,6804680
create,6288577
create,6630414
create,6302122
create,7320461
create,6770862
create,6450003
create,6196561
create,6873499
create,5985554
create,6328466
create,8722754
create,6134392
create,6802174
create,7614462
create,7225369
create,5958534
create,5617407
create,7080147
create,6932485
create,6905857
create,6540898
create,5847447
create,6761895
create,11952870
create,7241562
create,7082453
create,6551010
create,6352609
create,5960754
create,7220746
create,5977169
create,6689178
create,6471973
create,7441103
create,5716974
create,5922992
create,6700559
create,7263409
create,6710022
create,7780763
create,5672991
create,9467218
create,15880045
create,6211932
create,7036582
create,6385636
create,11127993
create,5774497
create,6862981
create,10462065
create,7117680
create,7043781
create,5635174
create,5998199
create,7750252
create,6219920
create,6012009
create,6429921
create,12418407
create,6212024
create,6572239
create,6389482
create,8413368
create,7389064
create,5624047
create,6192245
create,5791636
create,7933224
create,6615181
create,6290244
create,5565983
create,5949229
create,7776675
create,7877324
create,6937146
create,6643379
create,5548394
create,6158100
create,6315868
create,6096030
create,6170281
create,12286874
create,6813141
create,6842138
create,6921148
create,6191778
create,6202878
create,6235833
create,6442911
create,5789501
create,5827028
create,6321120
create,6551740
create,7288883
create,6596094
create,5740362
create,5722316
create,5951176
create,6873565
create,8120998
create,6754488
create,5840027
create,6105150
create,6925629
create,6405598
create,6959189
create,13747671
create,5957788
create,6116135
create,6752160
create,6908813
create,6704909
create,6959506
create,6891175
create,6142739
create,6441579
create,6169544
create,6552845
create,6949603
create,5769556
create,6035548
create,6176931
create,7621888
create,9642665
create,6230942
create,5969179
create,6220611
create,6526240
create,6483095
create,6268811
create,7476087
create,7484535
create,7034153
create,6591480
create,6941652
create,6345852
create,6269244
create,5748573
create,6132159
create,6456406
create,9003011
create,6540396
create,6499444
create,6715988
create,6371909
create,6358332
create,6600693
create,6153258
create,7356573
create,8121891
create,5983072
create,6059547
create,6557188
create,6625356
create,8212144
create,6796146
create,6690209
create,6096677
create,6583856
create,6696251
create,6742339
create,5224208
create,5964258
create,6720292
create,6306733
create,8015904
create,6376561
create,6665596
create,5635177
create,6221790
create,5836228
create,5978538
create,6838834
create,7860212
create,8772129
create,6438872
create,6333235
create,7089546
create,6354374
create,6670256
create,6535104
create,6482300
create,6573097
create,6278874
create,7648744
create,6613348
create,5793476
create,5699773
create,6013137
create,6223064
create,6416529
create,6786034
create,6387098
create,5690196
create,6499125
create,7142643
create,6346665
create,6310776
create,7768738
create,6124831
create,6451903
create,6295655
create,6529671
create,7338041
create,11972934
create,6129861
create,6492711
create,6128952
create,6062199
create,6386756
stat,803609
stat,764343
stat,756776
stat,759962
stat,705292
stat,746207
stat,746919
stat,748935
stat,754105
stat,741587
stat,738438
stat,850478
stat,725257
stat,765333
stat,776052
stat,767093
stat,764736
stat,712347
stat,751324
stat,779704
stat,717978
stat,774231
stat,755709
stat,744091
stat,706551
stat,722122
stat,685447
stat,739464
stat,756793
stat,763958
stat,743339
stat,704339
stat,727884
stat,726618
stat,699425
stat,729718
stat,724579
stat,729725
stat,717578
stat,685408
stat,689625
stat,703033
stat,722900
stat,671701
stat,722111
stat,671553
stat,748858
stat,751612
stat,855565
stat,721453
stat,744986
stat,742905
stat,738819
stat,808049
stat,696179
stat,808226
stat,770266
stat,773881
stat,720744
stat,757389
stat,762065
stat,712029
stat,784343
stat,800240
stat,713075
stat,737800
stat,691937
stat,736868
stat,855440
stat,769197
stat,702503
stat,689734
stat,785230
stat,767328
stat,700061
stat,782722
stat,725728
stat,758106
stat,756952
stat,757788
stat,752299
stat,766443
stat,733801
stat,755023
stat,801826
stat,745873
stat,792285
stat,733651
stat,795971
stat,757662
stat,742112
stat,725657
stat,735972
stat,723093
stat,774645
stat,820899
stat,729260
stat,721487
stat,737323
stat,757990
stat,744009
stat,774333
stat,794135
stat,756894
stat,850639
stat,739638
stat,761599
stat,754276
stat,826145
stat,813365
stat,793276
stat,766535
stat,803303
stat,737866
stat,718653
stat,738711
stat,707330
stat,701620
stat,732154
stat,746381
stat,731280
stat,749286
stat,779626
stat,795109
stat,739288
stat,762139
stat,742960
stat,713105
stat,725329
stat,741418
stat,696801
stat,734148
stat,694958
stat,697896
stat,673270
stat,759046
stat,852741
stat,747883
stat,693803
stat,719164
stat,705369
stat,752030
stat,706743
stat,732329
stat,682492
stat,694484
stat,732741
stat,713710
stat,798980
stat,733136
stat,666380
stat,715708
stat,720546
stat,735561
stat,690004
stat,669523
stat,772675
stat,708607
stat,684090
stat,696418
stat,723951
stat,751129
stat,739613
stat,735272
stat,801073
stat,718983
stat,776262
stat,815933
stat,716008
stat,727081
stat,760714
stat,731692
stat,827073
stat,715941
stat,727835
stat,693760
stat,788190
stat,762119
stat,750760
stat,722780
stat,744821
stat,715559
stat,754207
stat,727312
stat,866427
stat,773808
stat,768973
stat,695629
stat,725619
stat,770448
stat,732480
stat,704584
stat,810847
stat,774223
stat,712427
stat,717670
stat,768661
stat,692120
stat,665672
stat,668663
stat,686979
stat,687381
stat,747137
stat,759607
stat,789892
stat,729296
stat,706405
stat,720931
stat,749033
stat,736703
stat,656776
stat,714911
stat,670271
stat,716971
stat,728385
stat,753474
stat,775774
stat,837881
stat,779150
stat,795183
stat,766363
stat,754258
stat,779856
stat,765107
stat,779301
stat,750347
stat,697290
stat,723334
stat,791214
stat,768865
stat,709495
stat,788224
stat,783653
stat,743384
stat,800150
stat,709852
stat,771423
stat,716872
stat,777648
stat,737132
stat,762744
stat,711338
stat,704934
stat,822721
stat,790283
stat,707178
stat,714035
stat,715905
stat,757901
stat,712207
stat,784678
stat,769028
stat,737545
stat,765643
stat,755557
stat,700563
stat,837669
stat,752511
stat,854622
stat,757632
stat,824516
stat,762215
stat,686003
stat,775344
stat,755446
stat,772463
stat,746728
stat,757335
stat,726675
stat,739362
stat,690969
stat,718274
stat,749069
stat,738643
stat,700103
stat,759367
stat,766873
stat,713111
stat,742201
stat,767916
stat,739404
stat,746965
stat,785441
stat,726923
stat,665351
stat,812645
stat,699763
stat,750769
stat,727804
stat,709074
stat,736360
stat,709629
stat,729492
stat,778396
stat,730465
stat,729177
stat,739914
stat,696393
stat,719985
stat,743624
stat,687841
stat,715205
stat,733765
stat,773191
stat,710046
stat,689896
stat,732962
stat,664170
stat,684213
stat,745615
stat,807459
stat,780062
stat,743801
stat,725641
stat,795492
stat,710708
stat,693458
stat,695927
stat,689067
stat,687089
stat,791305
stat,751412
stat,716005
stat,699648
stat,875806
stat,840454
stat,788635
stat,709436
stat,714771
stat,730853
stat,713241
stat,719712
stat,776902
stat,723774
stat,718064
stat,682449
stat,782438
stat,754710
stat,716042
stat,817980
stat,813725
stat,880934
stat,773555
stat,811280
stat,810407
stat,791382
stat,789896
stat,767400
stat,750189
stat,723529
stat,764027
stat,804301
stat,762526
stat,742179
stat,723010
stat,749575
stat,702584
stat,711205
stat,708627
stat,681810
stat,761956
stat,717625
stat,733477
stat,708243
stat,758120
stat,716030
stat,705704
stat,687451
stat,715949
stat,814301
stat,734237
stat,716069
stat,738589
stat,806843
stat,739488
stat,741596
stat,694234
stat,751212
stat,726554
stat,758580
stat,745853
stat,732052
stat,712229
stat,724105
stat,745401
stat,704901
stat,701058
stat,741501
stat,761962
stat,727145
stat,773930
stat,724087
stat,724979
stat,777493
stat,752912
stat,743117
stat,800596
stat,691365
stat,677907
stat,723267
stat,771647
stat,687469
stat,789611
stat,760053
stat,803149
stat,828581
stat,716702
stat,716572
stat,710876
stat,701732
stat,676220
stat,698883
stat,717434
stat,739270
stat,675736
stat,739943
stat,742754
stat,750165
stat,801097
stat,758807
stat,785635
stat,731713
stat,747908
stat,695397
stat,729410
stat,806173
stat,772352
stat,760553
stat,793441
stat,733362
stat,709018
stat,819992
stat,748278
stat,785569
stat,741174
stat,719758
stat,743681
stat,709835
stat,658071
stat,734239
stat,722059
stat,714791
stat,770328
stat,696774
stat,726719
stat,786358
stat,704040
stat,704807
stat,741263
stat,791790
stat,739687
stat,712650
stat,707928
stat,688949
stat,640048
stat,737371
stat,797166
stat,692068
stat,743476
stat,799518
stat,812782
stat,784917
stat,827408
stat,811011
stat,820699
stat,763668
stat,700962
stat,757219
stat,738748
stat,753451
stat,763940
stat,788905
stat,698905
stat,685940
stat,692145
stat,770054
stat,735872
stat,740847
stat,747948
stat,698640
stat,809556
stat,868962
stat,818628
stat,733697
stat,772244
stat,714329
stat,720323
stat,720276
stat,762633
stat,692518
stat,680930
stat,749684
stat,776476
stat,731919
stat,758726
stat,746602
stat,695700
stat,707327
stat,773352
stat,725086
stat,703353
stat,701981
stat,688237
stat,714801
stat,704256
stat,656314
stat,735865
stat,691683
stat,660430
stat,687957
stat,757903
stat,761418
stat,853554
stat,739518
stat,744461
stat,689555
stat,681202
stat,720439
stat,779697
stat,730494
stat,704600
stat,758574
stat,722541
stat,691142
stat,714930
stat,834232
stat,770022
stat,744999
stat,678147
stat,704064
stat,753854
stat,718230
stat,690136
stat,704854
stat,701637
stat,768813
stat,739547
stat,737845
stat,699713
stat,785426
stat,798659
stat,712677
stat,760510
stat,764405
stat,784809
stat,791817
stat,843013
stat,758212
stat,739532
stat,780363
stat,801564
stat,777082
stat,800141
stat,763995
stat,757917
stat,727445
stat,710729
stat,689793
stat,710535
stat,735966
stat,667688
stat,685708
stat,734892
stat,711847
stat,686668
stat,726999
stat,782191
stat,751022
stat,689475
stat,719970
stat,730409
stat,688804
stat,651092
stat,661844
stat,670376
stat,712400
stat,752561
stat,742033
stat,703339
stat,697906
stat,738229
stat,739203
stat,728961
stat,678277
stat,731313
stat,762803
stat,723359
stat,725023
stat,678257
stat,701276
stat,711376
stat,730624
stat,720004
stat,712314
stat,760084
stat,759102
stat,765987
stat,748154
stat,764042
stat,736365
stat,701831
stat,696861
stat,738304
stat,723301
stat,738551
stat,739728
stat,719906
stat,752562
stat,752238
stat,724669
stat,750526
stat,700160
stat,778220
stat,774184
stat,714261
stat,733893
stat,755603
stat,735729
stat,751378
stat,723681
stat,748128
stat,733616
stat,734031
stat,739812
stat,679892
stat,677619
stat,679396
stat,708539
stat,745935
stat,722274
stat,297683
stat,5949
stat,3680
stat,3186
stat,2928
stat,2276
stat,2278
stat,2240
stat,2314
stat,1824
stat,2231
stat,2174
stat,1928
stat,1874
stat,2069
stat,1992
stat,1968
stat,1947
stat,1894
stat,1966
stat,3274
stat,1717
stat,2023
stat,2081
stat,2138
stat,1791
stat,1997
stat,2016
stat,1943
stat,2196
stat,1871
stat,2056
stat,1948
stat,1772
stat,1918
stat,1830
stat,1898
stat,1976
stat,1734
stat,2105
stat,1883
stat,1946
stat,1904
stat,1872
stat,1730
stat,1840
stat,1714
stat,2153
stat,2051
stat,1866
stat,1994
stat,1863
stat,2019
stat,1591
stat,1872
stat,1970
stat,1939
stat,1831
stat,2054
stat,1763
stat,1800
stat,1753
stat,1608
stat,1768
stat,1763
stat,2050
stat,1713
stat,1794
stat,1779
stat,2197
stat,2756
stat,1666
stat,1949
stat,1685
stat,1734
stat,2118
stat,2281
stat,1778
stat,1812
stat,1876
stat,2257
stat,2138
stat,2001
stat,1797
stat,1818
stat,1863
stat,2141
stat,1826
stat,1720
stat,1946
stat,1824
stat,1654
stat,1658
stat,1760
stat,1717
stat,1781
stat,1820
stat,1798
stat,1760
stat,1993
stat,1754
stat,1964
stat,1809
stat,1895
stat,1653
stat,1861
stat,1639
stat,1903
stat,1949
stat,1751
stat,1899
stat,1877
stat,1947
stat,1732
stat,1638
stat,1800
stat,1662
stat,1809
stat,1856
stat,1858
stat,2902
stat,1718
stat,1867
stat,1991
stat,1530
stat,1529
stat,1779
stat,1745
stat,1715
stat,1739
stat,1818
stat,1832
stat,1877
stat,1802
stat,2107
stat,1647
stat,1999
stat,1633
stat,1555
stat,1771
stat,1753
stat,2048
stat,1980
stat,1918
stat,1722
stat,1832
stat,1679
stat,1716
stat,1845
stat,1656
stat,1677
stat,1666
stat,1782
stat,1714
stat,1970
stat,2070
stat,1678
stat,1709
stat,1682
stat,1678
stat,1709
stat,1680
stat,1978
stat,1842
stat,1788
stat,1767
stat,1869
stat,1714
stat,1840
stat,1693
stat,2724
stat,2005
stat,1885
stat,1742
stat,1883
stat,1997
stat,1774
stat,1699
stat,1737
stat,1762
stat,1860
stat,1759
stat,1870
stat,1688
stat,1629
stat,1812
stat,1712
stat,1655
stat,1655
stat,1573
stat,1758
stat,1635
stat,1884
stat,1824
stat,1613
stat,1906
stat,1816
stat,1918
stat,1887
stat,2872
stat,1831
stat,1715
stat,1727
stat,1563
stat,1692
stat,1818
stat,1457
stat,1553
stat,1754
stat,1895
stat,1788
stat,1694
stat,2011
stat,1875
stat,1863
stat,1665
stat,1760
stat,1869
stat,1909
stat,1845
stat,2783
stat,1894
stat,2130
stat,1690
stat,1770
stat,1694
stat,1962
stat,2048
stat,1762
stat,1555
stat,1820
stat,1857
stat,1912
stat,1852
stat,1655
stat,1712
stat,1869
stat,1790
stat,1745
stat,1800
stat,1751
stat,1806
stat,1807
stat,2030
stat,1672
stat,1847
stat,2006
stat,1599
stat,1972
stat,1671
stat,1700
stat,1823
stat,2026
stat,1859
stat,1877
stat,1584
stat,1652
stat,1758
stat,1915
stat,1739
stat,1689
stat,1581
stat,1724
stat,1981
stat,1621
stat,1881
stat,1664
stat,1581
stat,1627
stat,1867
stat,2652
stat,1903
stat,1824
stat,1664
stat,1798
stat,1672
stat,1893
stat,1896
stat,1881
stat,1698
stat,1840
stat,1836
stat,1752
stat,1573
stat,1973
stat,1924
stat,1670
stat,1597
stat,1581
stat,1664
stat,1659
stat,1669
stat,1664
stat,1723
stat,1927
stat,1547
stat,1886
stat,1619
stat,1710
stat,1434
stat,1890
stat,1764
stat,1935
stat,1899
stat,1816
stat,1807
stat,1756
stat,1816
stat,1742
stat,1972
stat,1825
stat,1736
stat,1807
stat,1750
stat,1693
stat,1688
stat,1542
stat,1543
stat,1774
stat,1897
stat,2734
stat,1869
stat,1860
stat,1733
stat,1725
stat,1740
stat,1746
stat,1943
stat,1737
stat,1843
stat,1742
stat,1628
stat,1528
stat,1722
stat,1974
stat,1545
stat,1629
stat,1565
stat,1936
stat,1736
stat,1775
stat,1644
stat,1912
stat,1886
stat,1645
stat,1550
stat,1878
stat,1979
stat,2046
stat,1776
stat,1678
stat,1676
stat,1540
stat,1753
stat,1704
stat,1913
stat,1851
stat,2164
stat,1766
stat,1776
stat,1839
stat,1762
stat,1845
stat,2012
stat,1644
stat,1842
stat,1885
stat,1919
stat,2022
stat,1746
open_read,782462
open_read,648704
open_read,644633
open_read,720138
open_read,701890
open_read,681857
open_read,663905
open_read,742239
open_read,759038
open_read,678787
open_read,707547
open_read,659065
open_read,663800
open_read,627500
open_read,645417
open_read,680300
open_read,721932
open_read,621286
open_read,626149
open_read,640119
open_read,658447
open_read,685558
open_read,716808
open_read,668485
open_read,752208
open_read,734302
open_read,660723
open_read,604865
open_read,662288
open_read,612900
open_read,654862
open_read,699422
open_read,664921
open_read,633961
open_read,642582
open_read,596902
open_read,721896
open_read,682733
open_read,663982
open_read,676004
open_read,600908
open_read,586729
open_read,608967
open_read,624344
open_read,608640
open_read,628300
open_read,658862
open_read,673954
open_read,641154
open_read,642265
open_read,625505
open_read,646025
open_read,726738
open_read,665723
open_read,607262
open_read,640350
open_read,623654
open_read,557939
open_read,595636
open_read,611175
open_read,600591
open_read,597253
open_read,630237
open_read,592063
open_read,638172
open_read,676253
open_read,616712
open_read,554080
open_read,614713
open_read,596722
open_read,631402
open_read,610238
open_read,639857
open_read,653159
open_read,552875
open_read,671040
open_read,613786
open_read,653906
open_read,597790
open_read,568971
open_read,629363
open_read,656659
open_read,653126
open_read,633661
open_read,598589
open_read,602967
open_read,711695
open_read,635656
open_read,653100
open_read,634309
open_read,626130
open_read,620688
open_read,598835
open_read,631736
open_read,568727
open_read,633988
open_read,711059
open_read,610273
open_read,650219
open_read,666910
open_read,627227
open_read,658373
open_read,623437
open_read,643765
open_read,630257
open_read,690489
open_read,658201
open_read,727490
open_read,665337
open_read,631289
open_read,613127
open_read,587784
open_read,643308
open_read,609537
open_read,647311
open_read,610776
open_read,625815
open_read,613812
open_read,682497
open_read,637301
open_read,628891
open_read,682687
open_read,621386
open_read,630209
open_read,591184
open_read,660540
open_read,644122
open_read,641666
open_read,638177
open_read,616686
open_read,695345
open_read,595274
open_read,613409
open_read,647109
open_read,624771
open_read,674543
open_read,660940
open_read,638273
open_read,631852
open_read,626014
open_read,656707
open_read,679505
open_read,650624
open_read,759185
open_read,644530
open_read,641285
open_read,641892
open_read,624552
open_read,673272
open_read,642634
open_read,635653
open_read,666665
open_read,647365
open_read,622666
open_read,604856
open_read,645180
open_read,718113
open_read,622082
open_read,665769
open_read,640681
open_read,818950
open_read,786887
open_read,851980
open_read,814967
open_read,699146
open_read,645367
open_read,609164
open_read,597835
open_read,613036
open_read,579882
open_read,617748
open_read,620658
open_read,638674
open_read,593899
open_read,643612
open_read,608828
open_read,600964
open_read,636135
open_read,608526
open_read,639094
open_read,631919
open_read,599167
open_read,589473
open_read,602612
open_read,597910
open_read,589154
open_read,637329
open_read,619604
open_read,581998
open_read,663554
open_read,602563
open_read,586197
open_read,584129
open_read,606013
open_read,638339
open_read,621540
open_read,616465
open_read,672327
open_read,655361
open_read,615846
open_read,619685
open_read,619451
open_read,635795
open_read,615694
open_read,598733
open_read,608701
open_read,613045
open_read,599107
open_read,617657
open_read,607861
open_read,623377
open_read,589965
open_read,620512
open_read,737432
open_read,638570
open_read,577925
open_read,663153
open_read,673379
open_read,683545
open_read,729184
open_read,644920
open_read,640730
open_read,636391
open_read,581547
open_read,685019
open_read,657175
open_read,654654
open_read,570909
open_read,613954
open_read,647668
open_read,644488
open_read,569966
open_read,622486
open_read,621502
open_read,602506
open_read,672541
open_read,679334
open_read,660376
open_read,627315
open_read,626128
open_read,626698
open_read,647120
open_read,732734
open_read,656789
open_read,649007
open_read,640635
open_read,652212
open_read,641854
open_read,602631
open_read,571918
open_read,695321
open_read,798008
open_read,694522
open_read,697248
open_read,597055
open_read,663987
open_read,713191
open_read,745622
open_read,681989
open_read,642979
open_read,591277
open_read,592508
open_read,629337
open_read,628669
open_read,608088
open_read,615522
open_read,632478
open_read,646917
open_read,607839
open_read,656865
open_read,575744
open_read,642868
open_read,618427
open_read,574475
open_read,637847
open_read,613473
open_read,590832
open_read,640586
open_read,600824
open_read,596577
open_read,571102
open_read,617669
open_read,629369
open_read,590017
open_read,580799
open_read,577232
open_read,645503
open_read,677526
open_read,574819
open_read,581137
open_read,628963
open_read,630083
open_read,622535
open_read,585579
open_read,621932
open_read,602281
open_read,582410
open_read,612192
open_read,563490
open_read,657926
open_read,645295
open_read,600824
open_read,659067
open_read,633595
open_read,597752
open_read,564822
open_read,727539
open_read,623090
open_read,593239
open_read,597530
open_read,616586
open_read,597406
open_read,611925
open_read,630545
open_read,621916
open_read,638809
open_read,619949
open_read,620466
open_read,587947
open_read,585333
open_read,649977
open_read,541618
open_read,596595
open_read,613599
open_read,622510
open_read,589489
open_read,621251
open_read,582984
open_read,601919
open_read,565443
open_read,614170
open_read,600470
open_read,590820
open_read,648979
open_read,598386
open_read,599228
open_read,736852
open_read,690050
open_read,808359
open_read,676019
open_read,657146
open_read,600519
open_read,605142
open_read,625041
open_read,627134
open_read,713010
open_read,696720
open_read,746395
open_read,631917
open_read,613964
open_read,631201
open_read,641295
open_read,667609
open_read,609114
open_read,809712
open_read,687945
open_read,665920
open_read,604170
open_read,608615
open_read,659793
open_read,659934
open_read,634605
open_read,690073
open_read,648548
open_read,701104
open_read,684853
open_read,630394
open_read,658567
open_read,633054
open_read,600637
open_read,756944
open_read,669626
open_read,631951
open_read,592863
open_read,597103
open_read,627546
open_read,640391
open_read,605294
open_read,724348
open_read,653275
open_read,626567
open_read,648006
open_read,627602
open_read,626029
open_read,596884
open_read,639749
open_read,633563
open_read,662271
open_read,686924
open_read,631104
open_read,648451
open_read,600200
open_read,643496
open_read,669778
open_read,671017
open_read,675792
open_read,648136
open_read,625103
open_read,706541
open_read,665661
open_read,633963
open_read,601575
open_read,620386
open_read,666959
open_read,680734
open_read,652021
open_read,641511
open_read,599130
open_read,666369
open_read,607935
open_read,635525
open_read,651989
open_read,818095
open_read,611321
open_read,667454
open_read,646670
open_read,737532
open_read,632081
open_read,665276
open_read,690703
open_read,614058
open_read,586769
open_read,607211
open_read,605902
open_read,599932
open_read,659499
open_read,647873
open_read,668725
open_read,673235
open_read,623197
open_read,628811
open_read,628272
open_read,628908
open_read,606827
open_read,638044
open_read,665832
open_read,638673
open_read,688187
open_read,604609
open_read,678947
open_read,705405
open_read,614740
open_read,658914
open_read,610357
open_read,637136
open_read,650814
open_read,638448
open_read,625617
open_read,597772
open_read,642664
open_read,714819
open_read,642663
open_read,710864
open_read,624877
open_read,645151
open_read,662791
open_read,713400
open_read,642124
open_read,670167
open_read,621172
open_read,610172
open_read,601030
open_read,637817
open_read,679166
open_read,670667
open_read,582430
open_read,622747
open_read,634800
open_read,601274
open_read,685924
open_read,646636
open_read,684930
open_read,644269
open_read,672936
open_read,677477
open_read,667662
open_read,647818
open_read,628445
open_read,659736
open_read,614966
open_read,595754
open_read,609219
open_read,655139
open_read,618416
open_read,582996
open_read,618969
open_read,600387
open_read,633590
open_read,621764
open_read,629248
open_read,561099
open_read,596841
open_read,649010
open_read,632345
open_read,645436
open_read,574028
open_read,621740
open_read,618220
open_read,634668
open_read,655613
open_read,636742
open_read,601763
open_read,617387
open_read,609076
open_read,621757
open_read,626914
open_read,657891
open_read,641084
open_read,601246
open_read,722645
open_read,598553
open_read,635157
open_read,575609
open_read,624824
open_read,611386
open_read,586531
open_read,626839
open_read,720044
open_read,727571
open_read,682048
open_read,623887
open_read,593811
open_read,700384
open_read,605653
open_read,620735
open_read,660858
open_read,614483
open_read,625616
open_read,638133
open_read,696362
open_read,617361
open_read,631285
open_read,574983
open_read,720228
open_read,684078
open_read,701718
open_read,1821322
open_read,1192798
open_read,639495
open_read,670756
open_read,662219
open_read,649123
open_read,613292
open_read,615285
open_read,591301
open_read,601111
open_read,727511
open_read,642506
open_read,652489
open_read,624669
open_read,651586
open_read,633623
open_read,733254
open_read,708005
open_read,670356
open_read,710376
open_read,661663
open_read,646518
open_read,629079
open_read,712626
open_read,668479
open_read,687064
open_read,710434
open_read,711849
open_read,646086
open_read,649638
open_read,604436
open_read,583073
open_read,730036
open_read,706621
open_read,592332
open_read,626314
open_read,638973
open_read,684073
open_read,644133
open_read,719472
open_read,679870
open_read,661097
open_read,650161
open_read,612578
open_read,658874
open_read,656477
open_read,625476
open_read,702452
open_read,679815
open_read,694897
open_read,721665
open_read,691933
open_read,620801
open_read,653412
open_read,670539
open_read,695423
open_read,640086
open_read,631683
open_read,637019
open_read,656619
open_read,636161
open_read,656266
open_read,632526
open_read,643101
open_read,679114
open_read,620157
open_read,659058
open_read,621293
open_read,646168
open_read,621885
open_read,646157
open_read,669702
open_read,664111
open_read,641196
open_read,681135
open_read,596228
open_read,618376
open_read,622397
open_read,640539
open_read,596129
open_read,647597
open_read,628215
open_read,731025
open_read,634512
open_read,654753
open_read,638509
open_read,781357
open_read,653288
open_read,625082
open_read,657592
open_read,650287
open_read,698470
open_read,649355
open_read,633165
open_read,1280013
open_read,1107560
open_read,1157015
open_read,1182395
open_read,1301268
open_read,1169560
open_read,1158519
open_read,1899656
open_read,1131983
open_read,1047301
open_read,1049078
open_read,1089477
open_read,1185478
open_read,1024194
open_read,1280947
open_read,1086819
open_read,1090083
open_read,1178362
open_read,1114611
open_read,1152266
open_read,1142195
open_read,1101716
open_read,1103242
open_read,1062269
open_read,1191525
open_read,1170770
open_read,1080511
open_read,1093811
open_read,1191198
open_read,1087518
open_read,1155677
open_read,1119577
open_read,1197463
open_read,1133249
open_read,1222411
open_read,1220146
open_read,1174015
open_read,1109831
open_read,5301938
open_read,1116614
open_read,1123109
open_read,1050349
open_read,1092220
open_read,1124762
open_read,1123215
open_read,1097564
open_read,1109020
open_read,1153624
open_read,1140657
open_read,1153003
open_read,1130681
open_read,1080583
open_read,1124732
open_read,1096111
open_read,1056784
open_read,1124015
open_read,1208542
open_read,1160582
open_read,1066661
open_read,1301727
open_read,1082358
open_read,1356887
open_read,1111253
open_read,1135622
open_read,1107291
open_read,1109965
open_read,1082241
open_read,1093048
open_read,1056967
open_read,1088551
open_read,1194387
open_read,1086833
open_read,1080196
open_read,1068191
open_read,1199685
open_read,1124486
open_read,1154465
open_read,1096278
open_read,1128929
open_read,1184864
open_read,1187523
open_read,1157209
open_read,1100460
open_read,1117048
open_read,1106990
open_read,1193610
open_read,1042173
open_read,1172277
open_read,1139468
open_read,1039187
open_read,1123309
open_read,1045043
open_read,1173661
open_read,1039324
open_read,1074177
open_read,1108944
open_read,1100281
open_read,1163831
open_read,1033557
open_read,1094684
open_read,1098211
open_read,1039590
open_read,1086674
open_read,1050974
open_read,1036572
open_read,1041652
open_read,2982422
open_read,1079451
open_read,1138840
open_read,1166686
open_read,1129037
open_read,1078785
open_read,1088845
open_read,1117398
open_read,1063230
open_read,1037886
open_read,1204957
open_read,1078479
open_read,1073023
open_read,1068847
open_read,1090451
open_read,1034110
open_read,1017608
open_read,1093641
open_read,1084785
open_read,1106977
open_read,1053512
open_read,1077622
open_read,1060101
open_read,1047669
open_read,1087712
open_read,1059892
open_read,1190655
open_read,1082074
open_read,1080886
open_read,1145952
open_read,1098634
open_read,1088370
open_read,1039698
open_read,1103336
open_read,1032596
open_read,1237056
open_read,1154206
open_read,1128579
open_read,1042315
open_read,1070797
open_read,1089040
open_read,1072384
open_read,1061850
open_read,1170850
open_read,1147167
open_read,1081046
open_read,1075469
open_read,1099125
open_read,1108680
open_read,1035281
open_read,1024930
open_read,1035768
open_read,997118
open_read,1121610
open_read,1100945
open_read,1065513
open_read,1106733
open_read,1062308
open_read,1131661
open_read,1121278
open_read,1142701
open_read,1085251
open_read,1223671
open_read,1097537
open_read,1087806
open_read,1184048
open_read,1090440
open_read,1077527
open_read,1059447
open_read,1035017
open_read,1043197
open_read,1100749
open_read,1155128
open_read,1086093
open_read,1076844
open_read,1185790
open_read,1028960
open_read,1043241
open_read,1013032
open_read,1005241
open_read,1122982
open_read,1065426
open_read,1169934
open_read,1003931
open_read,1110357
open_read,1065508
open_read,1122870
open_read,1070578
open_read,1050831
open_read,1061673
open_read,1022983
open_read,1124990
open_read,1100895
open_read,1050290
open_read,1060152
open_read,1061562
open_read,1078144
open_read,1078718
open_read,979996
open_read,1251275
open_read,1090854
open_read,1063506
open_read,1066458
open_read,1061933
open_read,1118106
open_read,1036505
open_read,1095681
open_read,1071922
open_read,1245328
open_read,1203897
open_read,1065291
open_read,1069358
open_read,1069321
open_read,1090633
open_read,1064686
open_read,1148470
open_read,1089071
open_read,1089014
open_read,1038058
open_read,1058341
open_read,1135640
open_read,1111443
open_read,1049577
open_read,1020268
open_read,1108964
open_read,1045582
open_read,1085511
open_read,1174313
open_read,1119647
open_read,1115794
open_read,1080991
open_read,1137254
open_read,1111911
open_read,1114737
open_read,1150460
open_read,1176573
open_read,1111108
open_read,1065525
open_read,1016780
open_read,1051628
open_read,1101013
open_read,985234
open_read,1070484
open_read,1060440
open_read,1067713
open_read,1082141
open_read,1081975
open_read,1015711
open_read,1076388
open_read,1185586
open_read,1054991
open_read,1087205
open_read,1049166
open_read,1137805
open_read,1137586
open_read,1052261
open_read,1055444
open_read,1037277
open_read,1036720
open_read,1033944
open_read,1131617
open_read,1136735
open_read,1215348
open_read,1144015
open_read,1144427
open_read,1258724
open_read,1212533
open_read,1114263
open_read,1115619
open_read,1120829
open_read,1085219
open_read,1122596
open_read,1207028
open_read,1081209
open_read,1107342
open_read,1162474
open_read,1189272
open_read,1182460
open_read,1177641
open_read,1148918
open_read,1078815
open_read,1133383
open_read,1194283
open_read,1106535
open_read,1176255
open_read,1151829
open_read,1148103
open_read,1082403
open_read,1141044
open_read,1150732
open_read,1098011
open_read,1067662
open_read,1090578
open_read,1123751
open_read,1079732
open_read,1076151
open_read,1041940
open_read,1043053
open_read,1043029
open_read,1135264
open_read,1182016
open_read,1012198
open_read,1114931
open_read,1116430
open_read,1100424
open_read,1053124
open_read,1080884
open_read,1126894
open_read,1083071
open_read,1054008
open_read,1069823
open_read,1076910
open_read,1058238
open_read,1039603
open_read,1072352
open_read,1045031
open_read,1047229
open_read,1135941
open_read,1138035
open_read,1157425
open_read,1145009
open_read,1126335
open_read,1093376
open_read,1097368
open_read,1115076
open_read,1083570
open_read,1069262
open_read,1050768
open_read,1116933
open_read,1058287
open_read,1025678
open_read,1028393
open_read,1117415
open_read,1057602
open_read,1017646
open_read,1106532
open_read,1082499
open_read,1125430
open_read,1094983
open_read,1069688
open_read,1049514
open_read,1093848
open_read,1076953
open_read,1017088
open_read,1176909
open_read,1199774
open_read,1067762
open_read,1040737
open_read,1049217
open_read,1041372
open_read,1031474
open_read,1115684
open_read,1125491
open_read,1090088
open_read,1067110
open_read,1054011
open_read,1088155
open_read,1061730
open_read,1048830
open_read,1006124
open_read,1013486
open_read,1083450
open_read,1104879
open_read,1155366
stat_enoent,871252
stat_enoent,816695
stat_enoent,833326
stat_enoent,776145
stat_enoent,729225
stat_enoent,761743
stat_enoent,701541
stat_enoent,708774
stat_enoent,767090
stat_enoent,725049
stat_enoent,746597
stat_enoent,718217
stat_enoent,801553
stat_enoent,741776
stat_enoent,754110
stat_enoent,757988
stat_enoent,741866
stat_enoent,776664
stat_enoent,748529
stat_enoent,754827
unlink,2603418
unlink,2686285
unlink,2684609
unlink,3745866
unlink,3004465
unlink,2742813
unlink,2674824
unlink,3206894
unlink,2396307
unlink,2539328
unlink,2730832
unlink,2671345
unlink,2367444
unlink,3023651
unlink,2485751
unlink,2833549
unlink,2985058
unlink,2646477
unlink,2624599
unlink,2491561
unlink,2724877
unlink,2752187
unlink,2925066
unlink,2684460
unlink,2668835
unlink,3656624
unlink,3148316
unlink,2832007
unlink,2881153
unlink,2572745
unlink,2677668
unlink,2790089
unlink,2685040
unlink,2867324
unlink,2788301
unlink,2882226
unlink,2709100
unlink,2808738
unlink,2590717
unlink,2570643
unlink,2761208
unlink,2474518
unlink,2735910
unlink,2807287
unlink,2545365
unlink,2619538
unlink,2653851
unlink,2740695
unlink,2720610
unlink,2679446
unlink,2786866
unlink,2625683
unlink,2536451
unlink,2697808
unlink,2679686
unlink,2467010
unlink,2568916
unlink,2648265
unlink,2645800
unlink,2601365
unlink,2573755
unlink,2710439
unlink,2570256
unlink,2519268
unlink,2579637
unlink,2599079
unlink,2589267
unlink,2820584
unlink,2437993
unlink,2509044
unlink,2531788
unlink,2599079
unlink,2507121
unlink,2732447
unlink,2744932
unlink,2696017
unlink,3063582
unlink,2504316
unlink,2650635
unlink,2817492
unlink,2364635
unlink,2903354
unlink,2664764
unlink,2541042
unlink,2672348
unlink,2634605
unlink,2373653
unlink,3205655
unlink,2624102
unlink,2537053
unlink,2800826
unlink,2630836
unlink,2831255
unlink,2764645
unlink,2666416
unlink,2744964
unlink,3030344
unlink,2798131
unlink,2889324
unlink,2801020
unlink,2916089
unlink,2742576
unlink,2574598
unlink,2838394
unlink,2847136
unlink,2868559
unlink,2764480
unlink,2974153
unlink,2692022
unlink,2811452
unlink,2456452
unlink,2524397
unlink,2568124
unlink,2804058
unlink,2682369
unlink,2643896
unlink,3060742
unlink,2869633
unlink,2785624
unlink,2672291
unlink,2777491
unlink,2688542
unlink,2637268
unlink,2732041
unlink,2840283
unlink,2627108
unlink,2745537
unlink,2857715
unlink,2579189
unlink,2616812
unlink,2766058
unlink,2720355
unlink,2578769
unlink,2793078
unlink,2714719
unlink,2353446
unlink,2664902
unlink,2634934
unlink,2657200
unlink,2595695
unlink,2682221
unlink,2791812
unlink,2668957
unlink,2714968
unlink,2449064
unlink,2656146
unlink,2615412
unlink,2789803
unlink,2576500
unlink,2650438
unlink,2715346
unlink,2821205
unlink,2922619
unlink,4908511
unlink,2681119
unlink,2594930
unlink,2691747
unlink,2972745
unlink,2773366
unlink,2864212
unlink,2531088
unlink,2400887
unlink,2628519
unlink,2906521
unlink,2695145
unlink,2586124
unlink,2777551
unlink,2633039
unlink,2754693
unlink,6233890
unlink,2513979
unlink,4076218
unlink,2641773
unlink,2599351
unlink,3195776
unlink,2638829
unlink,2891454
unlink,5035421
unlink,3928909
unlink,3119457
unlink,2581744
unlink,2631452
unlink,2619911
unlink,2912875
unlink,2605609
unlink,2888523
unlink,2667239
unlink,2612499
unlink,2866022
unlink,2813353
unlink,2767414
unlink,2665331
unlink,2554376
unlink,2596772
unlink,2771856
unlink,2871976
unlink,2371281
unlink,2611340
unlink,2626576
unlink,2594621
unlink,2623673
unlink,2761248
unlink,2562967
unlink,2740192
unlink,2953241
unlink,2544019
unlink,2595250
unlink,2792792
unlink,2533438
unlink,2805029
unlink,2584129
unlink,2572638
unlink,2536492
unlink,2728787
unlink,2474472
unlink,2493654
unlink,2471019
unlink,2718637
unlink,2732517
unlink,2749811
unlink,2607130
unlink,2491947
unlink,2718856
unlink,2866693
unlink,2992043
unlink,2601816
unlink,2258100
unlink,2710909
unlink,2690596
unlink,2761777
unlink,2627735
unlink,2610343
unlink,4903526
unlink,2640323
unlink,2691946
unlink,2778633
unlink,2762349
unlink,2459067
unlink,2740380
unlink,2543439
unlink,2726363
unlink,2556153
unlink,3179173
unlink,2765850
unlink,2806658
unlink,2527448
unlink,2690296
unlink,2839987
unlink,2761533
unlink,2597567
unlink,2368686
unlink,2445704
unlink,2729749
unlink,2588600
unlink,2633930
unlink,2720300
unlink,2588474
unlink,2429049
unlink,2596399
unlink,2666640
unlink,2805023
unlink,2852674
unlink,2633328
unlink,2489149
unlink,2492442
unlink,2546912
unlink,2592844
unlink,2753430
unlink,2696206
unlink,2674706
unlink,2844151
unlink,2687924
unlink,2669856
unlink,2635962
unlink,2692258
unlink,2514495
unlink,2977167
unlink,2601213
unlink,2738650
unlink,2612007
unlink,4131499
unlink,2598008
unlink,2545562
unlink,2547941
unlink,2617893
unlink,2824293
unlink,2712767
unlink,2648781
unlink,2459970
unlink,2714612
unlink,2747545
unlink,7685868
unlink,2638967
unlink,2729254
unlink,2736681
unlink,2522519
unlink,2649391
unlink,2696151
unlink,2677327
unlink,3359046
unlink,2593830
unlink,2573724
unlink,3094583
unlink,2711506
unlink,2590865
unlink,2364556
unlink,2504444
unlink,2556462
unlink,2539668
unlink,2661087
unlink,2870460
unlink,2818481
unlink,2913998
unlink,2602712
unlink,2949559
unlink,2622243
unlink,2635195
unlink,2660661
unlink,2526710
unlink,2718357
unlink,2855321
unlink,2616608
unlink,2726443
unlink,2796624
unlink,2473451
unlink,2645879
unlink,2727353
unlink,3094548
unlink,2561404
unlink,3019602
unlink,2512280
unlink,2703250
unlink,2685835
unlink,2771215
unlink,2801435
unlink,3136870
unlink,2411969
unlink,2465449
unlink,2643419
unlink,2537830
unlink,2639695
unlink,2856078
unlink,2676828
unlink,2663858
unlink,2573367
unlink,2623041
unlink,2682126
unlink,2597321
unlink,2504518
unlink,2452534
unlink,2633876
unlink,2624575
unlink,2725160
unlink,2500293
unlink,2771000
unlink,3599877
unlink,2456060
unlink,2573729
unlink,2609339
unlink,2767918
unlink,2536390
unlink,2657448
unlink,4190899
unlink,2611112
unlink,3240603
unlink,2903403
unlink,2725275
unlink,2729393
unlink,2762905
unlink,2649742
unlink,2622455
unlink,2748864
unlink,3059876
unlink,6956428
unlink,2701641
unlink,2756878
unlink,2654621
unlink,2676849
unlink,2744007
unlink,2585539
unlink,2735731
unlink,2542367
unlink,2717684
unlink,5574795
unlink,2777595
unlink,2554587
unlink,2628656
unlink,2643486
unlink,2746643
unlink,2957007
unlink,3005581
unlink,2636911
unlink,2528859
unlink,2860521
unlink,2833734
unlink,2768670
unlink,2569236
unlink,2831395
unlink,2614161
unlink,2665598
unlink,2887974
unlink,2731363
unlink,2747563
unlink,2929245
unlink,2742944
unlink,2675828
unlink,2650326
unlink,2699270
unlink,2743346
unlink,2460982
unlink,2614872
unlink,2808534
unlink,2555676
unlink,3004476
unlink,2726717
unlink,3405099
unlink,2641392
unlink,2598190
unlink,2775938
unlink,2581089
unlink,2633296
unlink,2661467
unlink,2807170
unlink,2781863
unlink,2650893
unlink,2864304
unlink,3152337
unlink,2736490
unlink,3120011
unlink,2866477
unlink,3224148
unlink,2791628
unlink,2958323
unlink,2638533
unlink,2965834
unlink,2670034
unlink,2835310
unlink,2668102
unlink,3068432
unlink,2689184
unlink,2807431
unlink,2778511
unlink,2754214
unlink,2785800
unlink,2550819
unlink,2780792
unlink,2669778
unlink,2751302
unlink,2759266
unlink,2546808
unlink,2798308
unlink,2730573
unlink,2555382
unlink,2626419
unlink,3157463
unlink,2665765
unlink,2544247
unlink,2594422
unlink,2586539
unlink,2850629
unlink,2732408
unlink,2638122
unlink,2795848
unlink,2931035
unlink,2554756
unlink,2590002
unlink,3034538
unlink,2597520
unlink,2813452
unlink,2574795
unlink,2788039
unlink,2593757
unlink,2688165
unlink,2908078
unlink,2647385
unlink,2572696
unlink,2523600
unlink,2570545
unlink,2812202
unlink,2951350
unlink,2733755
unlink,2941849
unlink,2901118
unlink,2725759
unlink,2589980
unlink,2771488
unlink,2899492
unlink,2724874
unlink,2650953
unlink,2847242
unlink,2666286
unlink,2790570
unlink,2624242
unlink,2788431
unlink,2474958
unlink,2557662
unlink,2840549
unlink,2748829
unlink,2561782
unlink,2726113
unlink,2524189
unlink,2567580
unlink,5061735
unlink,2625901
unlink,2580951
unlink,2853737
unlink,2905252
unlink,2620379
unlink,2687277
unlink,2873130
unlink,3158477
unlink,3013433
unlink,2597809
unlink,2573769
unlink,2748397
unlink,3076799
unlink,2622976
unlink,2657580
unlink,2701045
unlink,2656055
unlink,2640463
unlink,2608588
unlink,2692089
unlink,2640013
unlink,2897310
unlink,2740374
unlink,2656485
unlink,2438998
unlink,2588925
unlink,2753204
unlink,2402278
unlink,2454586
unlink,2682078
unlink,2627049
unlink,2578598
unlink,2720030
unlink,2891310
unlink,2632875
unlink,2720544
unlink,2580329
unlink,2719858
unlink,2577141
unlink,2677906
unlink,2579302
unlink,2400962
unlink,2469264
unlink,2587514
unlink,2594249
unlink,2566010
unlink,2715605
unlink,2847586
unlink,2523874
unlink,2938913
unlink,2721716
unlink,2603856
unlink,2500835
unlink,2572150
unlink,2535035
unlink,2618817
unlink,2808930
unlink,2906567
unlink,2313402
unlink,2548518
unlink,2927380
unlink,2540188
unlink,2947838
unlink,2966206
unlink,2831413
unlink,2712120
unlink,2706357
unlink,3411543
unlink,2514281
unlink,2654294
unlink,2823237
unlink,2493412
unlink,2583202
unlink,2490138
unlink,2751923
unlink,2534521
unlink,2640537
unlink,2864587
unlink,2658530
unlink,2615590
unlink,2733215
unlink,2715774
unlink,2630291
unlink,2376420
unlink,3728334
unlink,2870208
unlink,2698839
unlink,2518306
unlink,2808249
unlink,2676527
unlink,2582597
unlink,2733067
unlink,2632929
unlink,2805206
unlink,3274681
unlink,2812789
unlink,2635302
unlink,2607504
unlink,2701672
unlink,2720404
unlink,2874206
unlink,2794636
unlink,2766797
unlink,2905443
unlink,2959694
unlink,2779672
unlink,2592851
unlink,2617387
unlink,3265641
unlink,2703871
unlink,2610710
unlink,2793800
unlink,2610802
unlink,2452450
unlink,2455886
unlink,2662052
unlink,3571992
unlink,2681582
unlink,2671377
unlink,2637256
unlink,2681105
unlink,2752178
unlink,2557664
unlink,2802102
unlink,2688932
unlink,2815199
unlink,2519562
unlink,2614632
unlink,2619398
unlink,2748874
unlink,2610902
unlink,2621206
unlink,2543936
unlink,2513762
unlink,2702331
unlink,2758628
unlink,5482040
unlink,2623603
unlink,2668966
unlink,2670592
unlink,2732958
unlink,2911704
unlink,2649074
unlink,2752579
unlink,2393170
unlink,2627962
unlink,2976253
unlink,2598316
unlink,2697773
unlink,2717462
unlink,2625092
unlink,2777685
unlink,2620808
unlink,2525150
unlink,2741611
unlink,2689398
unlink,2461789
unlink,2468380
unlink,3774667
unlink,2530693
unlink,2797497
unlink,2411078
unlink,2528454
unlink,2463793
unlink,2626026
unlink,2619448
unlink,2836945
unlink,2711012
unlink,3251772
unlink,2711663
unlink,2606079
unlink,2524437
unlink,2691925
unlink,2582684
unlink,2526062
unlink,2573223
unlink,2585151
unlink,2541270
unlink,2630932
unlink,2481280
unlink,2857379
unlink,2560956
unlink,2674989
unlink,2746752
unlink,2739825
unlink,2718592
unlink,2566483
unlink,2377553
unlink,2572365
unlink,2486223
unlink,2536653
unlink,2660346
unlink,2547085
unlink,2320141
unlink,2464002
unlink,2463963
unlink,2690300
unlink,2812161
unlink,2306265
unlink,2706063
unlink,3000978
unlink,2731173
unlink,2607083
unlink,2591189
unlink,2609630
unlink,2624349
unlink,2928556
unlink,2721058
unlink,2492031
unlink,2806314
unlink,2651539
unlink,2690538
unlink,2568331
unlink,2566282
unlink,2821165
unlink,2597558
unlink,2592749
unlink,2564060
unlink,2745491
unlink,2608303
unlink,2584193
unlink,2772285
unlink,2655484
unlink,2281406
unlink,2416962
unlink,2714029
unlink,2645019
unlink,2964799
unlink,2750308
unlink,2655189
unlink,2621748
unlink,2713706
unlink,2473056
unlink,8715202
unlink,2659626
unlink,2604898
unlink,2834249
unlink,2405241
unlink,2675276
unlink,2769252
unlink,2792507
unlink,2807837
unlink,2529295
unlink,2628425
unlink,2694922
unlink,2662308
unlink,2742837
unlink,2530204
unlink,2550064
unlink,2566185
unlink,2628742
unlink,2907069
unlink,2434532
unlink,2297933
unlink,2717851
unlink,2537278
unlink,2660755
unlink,2615713
unlink,2515133
unlink,2697423
unlink,2840098
unlink,2623698
unlink,2647090
unlink,2746344
unlink,2994003
unlink,2971322
unlink,2442415
unlink,2834315
unlink,2781855
unlink,2821380
unlink,2650323
unlink,2648713
unlink,2622948
unlink,2737595
unlink,2649036
unlink,2927740
unlink,2604558
unlink,2873869
unlink,2367153
unlink,2689195
unlink,2687601
unlink,2892168
unlink,2663508
unlink,2806683
unlink,2473448
unlink,2621545
unlink,2528767
unlink,2791071
unlink,2658594
unlink,2775447
unlink,2578636
unlink,2782084
unlink,2767009
unlink,2976020
unlink,2545520
unlink,2678531
unlink,2615973
unlink,2606253
unlink,2791923
unlink,2716310
unlink,2788747
unlink,2511774
unlink,2765314
unlink,2551635
unlink,2736237
unlink,2582714
unlink,2795311
unlink,2630081
unlink,2312535
unlink,2874457
unlink,2680970
unlink,2638862
unlink,2744978
unlink,3051115
unlink,2752742
unlink,2497183
unlink,2753005
unlink,2819569
unlink,2570107
unlink,3110466
unlink,2565748
unlink,2524808
unlink,2894184
unlink,3113649
unlink,2907004
unlink,2672905
unlink,2572227
unlink,2610928
unlink,2782474
unlink,2612903
unlink,2649298
unlink,2778755
unlink,2680859
unlink,2571849
unlink,2568676
unlink,3339491
unlink,2653220
unlink,2518274
unlink,2526152
unlink,2375115
unlink,2580863
unlink,2625171
unlink,2552570
unlink,2843386
unlink,2660125
unlink,2848816
unlink,2632112
unlink,2487938
unlink,2739469
unlink,2715779
unlink,2616734
unlink,2568999
unlink,2607122
unlink,2743889
unlink,2754377
unlink,2613151
unlink,2693383
unlink,2629707
unlink,2555132
unlink,2952480
unlink,2653497
unlink,3202459
unlink,2619956
unlink,2503301
unlink,2673325
unlink,2785090
unlink,3032206
unlink,2731749
unlink,2911901
unlink,2881205
unlink,2697284
unlink,2498846
unlink,2969865
unlink,2616459
unlink,2767620
unlink,2848093
unlink,2556544
unlink,6709433
unlink,2717411
unlink,3052984
unlink,2746741
unlink,2624002
unlink,2556811
unlink,2895472
unlink,2496406
unlink,2571470
unlink,3144795
unlink,2677599
unlink,2757290
unlink,2670200
unlink,2772191
unlink,2716049
unlink,2708720
unlink,2548743
unlink,2369450
unlink,2642992
unlink,2878075
unlink,2702041
unlink,2813171
unlink,2811147
unlink,2595317
unlink,2595970
unlink,2568753
unlink,2647763
unlink,2583658
unlink,2644467
unlink,2497908
unlink,2757791
unlink,2583708
unlink,2673270
unlink,2575789
unlink,2757430
unlink,2485119
unlink,2465026
unlink,2936636
unlink,2701531
unlink,2622275
unlink,2791141
unlink,2389819
unlink,2454480
unlink,2719395
unlink,2535767
unlink,2655765
unlink,2632926
unlink,2495168
unlink,2545500
unlink,2562202
unlink,2899294
unlink,2804135
unlink,2571098
unlink,2630675
unlink,3008591
unlink,2562177
unlink,2692793
unlink,2758893
unlink,2982238
unlink,2694054
unlink,2517314
unlink,2535518
unlink,2644424
unlink,2872207
unlink,2727931
unlink,2780908
unlink,2617430
unlink,2536534
unlink,2694022
unlink,2559761
unlink,2538111
unlink,2389000
unlink,2656712
unlink,2771473
unlink,4595921
unlink,2818630
unlink,2674673
unlink,2695476
unlink,2783461
unlink,2647909
unlink,2691530
unlink,2734032
unlink,2997283
unlink,2735427
unlink,2518274
unlink,2805305
unlink,2635449
unlink,2720360
unlink,2606254
unlink,2785825
unlink,2688186
unlink,2892415
unlink,2700894
unlink,2809317
unlink,2691732
unlink,2580992
unlink,2505130
unlink,2583209
unlink,2706782
unlink,2653075
unlink,2669525
unlink,2855162
unlink,2489204
unlink,2722941
unlink,2850765
unlink,2594924
unlink,2800049
unlink,2650083
unlink,2976541
unlink,2962647
unlink,2701752
unlink,2681466
unlink,2731077
unlink,2682484
unlink,2621100
unlink,2617415
unlink,2817508
unlink,2681447
unlink,2595962
unlink,2825897
